-- phpMyAdmin SQL Dump
-- version 5.2.1
-- https://www.phpmyadmin.net/
--
-- Host: 127.0.0.1
-- Generation Time: Aug 29, 2023 at 01:04 AM
-- Server version: 10.4.28-MariaDB
-- PHP Version: 8.2.4

SET SQL_MODE = "NO_AUTO_VALUE_ON_ZERO";
START TRANSACTION;
SET time_zone = "+00:00";


/*!40101 SET @OLD_CHARACTER_SET_CLIENT=@@CHARACTER_SET_CLIENT */;
/*!40101 SET @OLD_CHARACTER_SET_RESULTS=@@CHARACTER_SET_RESULTS */;
/*!40101 SET @OLD_COLLATION_CONNECTION=@@COLLATION_CONNECTION */;
/*!40101 SET NAMES utf8mb4 */;

--
-- Database: `mobile_store_db`
--

-- --------------------------------------------------------

--
-- Table structure for table `brands`
--

CREATE TABLE `brands` (
  `id` int(30) NOT NULL,
  `name` varchar(250) NOT NULL,
  `description` text DEFAULT NULL,
  `status` tinyint(1) NOT NULL DEFAULT 1,
  `date_created` datetime NOT NULL DEFAULT current_timestamp()
) ENGINE=InnoDB DEFAULT CHARSET=utf8mb4 COLLATE=utf8mb4_general_ci;

--
-- Dumping data for table `brands`
--

INSERT INTO `brands` (`id`, `name`, `description`, `status`, `date_created`) VALUES
(9, 'Apple', 'Apple Company (iPhones)', 1, '2023-08-23 01:04:20'),
(10, 'Samsung', 'Samsung Group', 1, '2023-08-23 01:04:51'),
(11, 'Huawei', 'Huawei Company', 1, '2023-08-23 01:05:15'),
(12, 'Xiaomi', 'Xiaomi Company', 1, '2023-08-23 01:05:32'),
(13, 'oppo', 'opplp group pvt', 1, '2023-08-26 22:40:40'),
(14, 'real me', 'remi group pvt', 1, '2023-08-26 23:26:30'),
(15, 'acer', 'acer.pvt', 1, '2023-08-27 00:44:08'),
(16, 'nokia', 'nokia.pvt', 1, '2023-08-27 09:44:32'),
(17, 'nothin', 'nothingpvt', 1, '2023-08-27 10:42:23');

-- --------------------------------------------------------

--
-- Table structure for table `cart`
--

CREATE TABLE `cart` (
  `id` int(30) NOT NULL,
  `client_id` int(30) NOT NULL,
  `inventory_id` int(30) NOT NULL,
  `price` double NOT NULL,
  `quantity` int(30) NOT NULL,
  `date_created` datetime NOT NULL DEFAULT current_timestamp()
) ENGINE=InnoDB DEFAULT CHARSET=utf8mb4 COLLATE=utf8mb4_general_ci;

-- --------------------------------------------------------

--
-- Table structure for table `categories`
--

CREATE TABLE `categories` (
  `id` int(30) NOT NULL,
  `category` varchar(250) NOT NULL,
  `description` text DEFAULT NULL,
  `status` tinyint(1) NOT NULL DEFAULT 1,
  `date_created` datetime NOT NULL DEFAULT current_timestamp()
) ENGINE=InnoDB DEFAULT CHARSET=utf8mb4 COLLATE=utf8mb4_general_ci;

--
-- Dumping data for table `categories`
--

INSERT INTO `categories` (`id`, `category`, `description`, `status`, `date_created`) VALUES
(1, 'Smart Phone', 'Smart Phone Products', 1, '2021-08-30 10:52:25'),
(2, 'Accessories', 'Phone Accessories', 0, '2021-08-30 10:52:49'),
(3, 'Mobile Hardware', 'Mobile Hardware products', 1, '2021-08-30 10:53:31'),
(4, 'External Storage', 'External Storage Products', 1, '2021-08-30 10:54:34');

-- --------------------------------------------------------

--
-- Table structure for table `clients`
--

CREATE TABLE `clients` (
  `id` int(30) NOT NULL,
  `firstname` varchar(250) NOT NULL,
  `lastname` varchar(250) NOT NULL,
  `contact` varchar(15) NOT NULL,
  `email` varchar(250) NOT NULL,
  `password` text NOT NULL,
  `default_delivery_address` text NOT NULL,
  `date_created` datetime NOT NULL DEFAULT current_timestamp(),
  `profilePic` blob DEFAULT NULL
) ENGINE=InnoDB DEFAULT CHARSET=utf8mb4 COLLATE=utf8mb4_general_ci;

--
-- Dumping data for table `clients`
--

INSERT INTO `clients` (`id`, `firstname`, `lastname`, `contact`, `email`, `password`, `default_delivery_address`, `date_created`, `profilePic`) VALUES
(1, 'Test', 'Test', '44444444444', 'Test02@gmail.com', 'e10adc3949ba59abbe56e057f20f883e', 'TEST', '2023-08-23 00:16:04', 0xffd8ffe000104a46494600010100000100010000ffdb008400090607100d0f0f0f0f0f0f0d0e0d0f0d0e0d0f0f0e0f0d0e0d0d1511161617111313181d2820181a251b131521312125292b2e2e2e171f3f38332c3728393a2b010a0a0a0e0d0e18100f152b191d1d2d2b2d2b2d2d2b2d2b2d2b2b2b2b2d2d2d2b2b2b2b2b372d2b2b2b2b2b2b2d2d2b2d2b372b372d2d2b2b2d2b2b2b2b2d2b2dffc000110800e100e103012200021101031101ffc4001c0001000202030100000000000000000000000107020604050803ffc400381000020103020305050605050000000000000102030411062105123107415161711322238191324272a1b1f014333492c116435253e1ffc400190101000301010000000000000000000000000103040502ffc40023110100020202020202030000000000000000010203110421123132412251134271ffda000c03010002110311003f00d6c00779cf0000000000000000000000037fa27a41200f7ecd6c030fb93fa1f7a767524b2a12c78f2bc11e5584ea5f006552128bc331c0894440002400000000000000000000000000000000000000208913fb5e44c60df736f2926b73b8e01a72b5ece31516a32ddc9ad922d2e01a2eded22d492aadb524dae8d19f2722b4f4b2b8e6557f09d2f7173351506b2b397b6c6dbc23b38cc65ede5cb2cfbbdf94590a9a5d22963c12e84fe862b726d6f4be3169d059e8eb3a708c5d253696f2cf53e7aaa1fc2d8c9518c61cab953e54f6364fda38dc42c63714e54e6b29f47e12f129f39df6f7e31a79e2751c9b6f7797cdddb98f5e8f26edac345d4b6f8d4be243efe163734a9269eeb18db075b1648b431de9312800173c800000000000000000000000000000000001f44897d3a266efa43477f10e33a9b416edff0083a0d2bc36575730a6973ee9c93d938aea5e9696d1a508c29ae58c524918b939b5f8c2fc74d969690a318c29c54631585847dd01e473b6d1a64460901280c0207c6a414d72c96535869f4c1a16a9d0719c275683f7d36d431f77c0b09a21a3dd324d67a79b576f3857a6e9c9c649a92786b0606f1da5708546b7b64dfc4dfecec9fa9a374f36cebe2bf9c31daba94800b5e4000000000000000000000000000000802c4ec9ac54e756be77a4f957cd16815ef6451f8370fc671cfd0b08e367eef2d98fd320102a580000104864080012351ed329c6562f3bfbe9af52985e65fdaa2de352d2b29aca8d39c97aa45028e8f0e7a65cc900836476a52002400000000000000000000000000200b4bb207f0ae7f1c7f42c24579d8f7f2ae7f1c7f42c438d9be72db4f8a40054f6000000000000e9f555cc695a5672e9284a2bd5a281f5e9fe4babb49fe865f8914af55e593a1c38e99734a4006e520000000000000000000000000000004d3eabc32b244c8b33b1efe5dcfe38e7e858c8d6b4370ca76f6fcf0ff7f1266cb838d9a77796da7c59000adec000000000001a7f69b2c58bfc7145358f91e82e3dc2a1794bd95478873293f9145f1cb78d1b9ad4e0f3084dc62cdfc3b7d33668704006e50000900000000000000000000000100338dfc010c4c747daf6d0f5d54b0a0d3cb51dfd4efcd13b2caf176f38732ca6b11cef8f437a4ce2e58d5a5ba93d32001e1e8000000002192430389c525cb42ab7dd4e6ff23cfb7d2cd59beaa526cbd354f10850b5abcef0e709462bbf2d1423796df7677f537f0e3db3e690006f670000000000000000000000000000002081dce96be9d0b9a7cb270e69453c74ddf42f98745e88f38d09b8ca2d369c649ac7a97e69bba75ada949cb9e6e2b99e738f539fcca6a625a70cbb60018978000000004324f9d6a8a11727d229b7e882255776af77f1a9c632fb98924fcfbcaffa7a9dd6aebc8d7bba93836d393c67c0e95fa63c91d7c14f1ac31e49dc8002efb780004800000000000000000000000000411f684fe4d779677663c629f24a8ca589b7b67ecbf9958faef9397c2eee56f56125d1497bbddd4a7914f2aada59e878ee4e0e1f09b975e853a8d61ce29e11cc39330d70c88648212800103146bdacb8e46d28ca3d6a4e2f19e98360c7efc4a63b43bd9d4bb9c1cdc941b4a2fa4517e1a79595e4b6a1ac55a8e7273ef964c3b80cf79d788630004800000000000000000000000000000040d6c499dbacce0bbdca3fa981cee074bda5cd25e1520ff33cde75129ac76bd34fc5c6d68a92c351e87648c29c765e49199c499edba1200212800010ca335d4317d5bce4cbcca53b43838decb29ae6cb59ef469e2ceaea72b570083aaca900000000000000000000000000000000000ff043f2cf99bfe85d27ed654ee64e5182dfc32fc8d128c5ca514b2de52c17de9aa6e1694138f2e23ba7b3463e5e49af50bb1536ed92d8900e6b50000046002244346a5ae34c2be4aae79654a2ff00b4db8f956a4a71717d249c5fccf75b6a76f368dbceb7549539ce09c9a4f07c7076faa6cd5bdd55845bc733ea752cec63b6e3a62b46a400166bf68d8000000000000000000000100484be6423b1e1bc0ebdcbf870963293787859f13c5ad11ed3a975e9fedf71cbb1e1b56e24a14e327269b4f1b348dfb83f670e328bb89271c6e93cb6cdeb87708a36d18469d38a705852c6f832df97111f8ada62dfb685a6340cd4a956acf952f79c575e64f6ca2cc4ba796c304e0c37c9379dcafad7c59000f0f600008248240118248640d1f59e917793756928a7183e6ff94a4569c4782d6b6695483595b6db9e81f91c7b9b0a555a7529c66d2c7bcb38469c5c89a2abe2dbceafbd3db1f5233d3af42ddd41d9fd2ae9ca86215252cf847057fc4f4bdd5bca7f0e5250ca6d26d63c4db4e445d45b1cc3a304ca2d6cd60c4d11312af49041248020920010098ed33a4b1f533a74a5369413936f1846dfc0f4257af9735ecd2716b9b66d79155f2d689ad265a8d1a12a9b46326f293dba64dab84682b9afcce58a69631cdb73164f07d2f6d689f2c79dbc65c926f28eef97ff000c593973fd57d71350e07a1685bf24eaaf695167316b306cda6d6d29d158a708d34faa8ac267d89c192724dbdad8ac4270484087a000000000000000000000000418d4a6a49a6b29ac35e28cc30359e2da32d6e9a7cbecb0b1ee24b268fc73b3ead4732a3efc5cb104b7963ccb7060b6b9ad5789c712f3add5855a3271941e63f6f6e8ce2f767cf07a16eb8451aaa6a54e3f113529637dcd0f5076758cced9fbb18e5c5f56fc8d98f9713f2536c4ae37f020ef7fd2577ff5d4fed60bff009a9fb55e0e8bf3c75f1397c3387cee6a2a54e2e4e4f7c2dd1c4eff000cf816ff0066fc13d850f6d35172abba97de479e465f08e938e9b73b4ce93a3694e3cf08ceaf56dace1f91b227d31d0c903956b4da7b6bac4427049049e5e900024480000000000000000000000000000000800920410d12181f3cf930664128f1879b63d57aafd4bf3497f4747d0037f33e94617708900e7b40002400000000000000000000000000000000000000000860000001ffd9),
(2, 'Test', 'test 2', '4444444444', 'Test@gmail.com', '827ccb0eea8a706c4c34a16891f84e7b', 'test', '2023-08-23 12:17:02', 0x89504e470d0a1a0a0000000d49484452000000e1000000e10803000000096d22480000006c504c5445ffffff455a64374f5ac4c9cd3e545f3b525d415761344d58314b57fbfcfccdd2d44358638793993d535e3b535df8f9f98d989e4d616b748289d6dadca5aeb266767e53666fbec4c797a1a6e8eaebeef0f19da7abc8cdd050646db4bbbf818e94aab2b6dde0e25f70786f7d85013008a8000006fa49444154789ced9d0b96aa300c86a5032d82f210657c3ff7bfc75b44bd82e8284d9ac8e1db00fc274d9ab6493b185862b80cb6f3dd2977d2fc789cede6fbdf6039b4f57174e2c37492fac27365e8144829a348287f3399074bea9f03603dca4574d15645cab1724efb05f51f1ab158a5c2950deafecbf4a2d92ff56fb6263bf9de4b79179122dc7fe568cd26ea0d7925c2d953ffeec72c26c27d57df59e331a3fee5cf987ea6af18abfe8afaa73fe0908b0ff515a8534cfde3efb27d27be34101dbf23e00c776d0c78c6cdbfc18a8bd46b2bb090c83f953ba4ed46e8056f472de02f32692450cf1a5b6a09af097c43818e13b28e3699810b5e19731ea70ba76909f1a90d155f232ecd82cc158f6f6e33fb34517b2691eb8cb16a3dd1d71001b594660228815c87690ce38405f2442da69111c04471653ca556d340e6c309d4eba811b59e4772b0317a46b093b8050b3317d49c5a529518d88485c435b5a80ae026d401d5e1b4181e6ec04da867454ee3f457c10b741c9f51063e4330a19e15f91871013a17de90299b0c7c1ea12874049b700a97915671b9acf60f8019690579643261ecb1143a82c9e1e90969906a853c8e4e9700bb4f4f60325fc0ae9b2ab8136a71671072d22bf2482dee4c82341b1644d4e2cee0a46c253c5253bc40a31572982e867881462b3c50cbd32c31152a0ef5190754851c76bfd778930593d5c50faac21f6a79835e61afb057d82bb441afb057d82ba4a757d82bec15d2d32bec15f60ae9e915f60a7b85f4f40abf5fe12faa4206c7dc19e2d99a46921f5c64efb7fab653487d36b34c314f0f0bc294f69034412ba5b9e1259402914af6aa909e03aff04d48dc5f025fdddd80cce904c616f41510d6ef595248277070c49e2b0a480ba376400d872f21ada35d21167cdd208da588457bff21cdbe33943e8b1aa499296ac5d7159fb427c1c2944f5c639ae007d38834f3b6116a88efc9402ddb2b212ec01ca23ba23c12373f6116799f2176c3c1608d3d239237cb2e91053a0e792dfb0479af8dbea704754398c596f0105721878b5c4698698d4b1d490b101bbbf4744fbea95f8038e933e9ec0a7ca4711a462e8796994171132bcec6b0dc71e87a2a4189364c1a484b50ce2f141f0be22c31e48c5a550584766e06f9da3d085bc32eaf7b94e663708511af4bdb10f26f0639f73d07f885b06232db5fc05808932f7dab80b7acb3bb5910fc44dfe376b160061d6a048b75d33dc00225e5d17633c03322c32b4c81f7f7595c1751e308194d99a5dd253f904624dfe96e04d0882c4d089a9bb2287e6e002caf6197cf5c010ba71c0369c91c669c0a4e5b505560b66bc84f7d5f01728362c46b615803e0325ac56b6dffc0ca34daf07fd66a64166df8dd54fec8c444a2e0b549fa04032b0a0e07a26fd07aa93866ef8357d2960a43ea1f7f97d6b7f0f1cdd66ab45e64705d523cd0bad68dd599e82b5a67a794fd3f9fb06c5dae1846dfe188065745323b6f7a8641d90293bb9fffc0ecdd2766074e8d04260ba8af18a646b535ccca131a599a2df3999dfc3631355338e6bfba30d2571891c993164ff931dda86177f65b07603f91b71101faa022d6e9770cf17697e49c9cce21768439a76e01ccd18c62fb6e756cfa24f715b6bb193ba8720cae673340676b056396ae3887ac54f0f8491c8e60eb2fbd19b395627684aedc731d4e4bc56c22102ad9c591c303257a786673c7c7e97c92ca4d02e22c55cbcb7df822f6ff447e4a29324b723146ef568fd46644325cb344e2cbbb8874459404569380384b1cd4c1f988eb87d686eb30487235b67141548df370c5171924a988ec0cce47f4704d517d525bcf5364f24a425789118e4fc6da7acac6c5577fe3fa0eb84f6aeb6d94a5c8f916914a212d198c1c3adf7b86f64907c427f5e09458bddac6b8ca358cae71304a155779256e315cdb8acc0a79dc06e723b210d9a28528de6ebe415e8916b9d97e66c8781a21acf83091229a7ea0f137b7711f2234227f77576079fa32fb5d91e2f4d6e64ee0f18e9eaf70bd3766c8a9225836c0a1fe2ce004dcd6a5e1af225cc32a6d0ebcae14ef80c0d712f75d10a825ee9f090cba21504b7c1251519f10b78bdf3c2f4ebe771eacd37c508efa82b86d9a5e2c0729a36043983fa6e1d32e99b0299e0e8dea5ef921d3fa3e1540e3202f1eda183b66c2c288558108b7205153abc5b5f2248e5d6a659ca0d776f0a07a3328480f3637c6f7b563565ee2b04de5427ed4bb80a9b8bf9630b6f232956d64fe7fd2b7f27c9a7dee8a383be9861547eca41b561c91fa57d0e8b81bde3922f2e5ff74dc7afdacbc9e46c1edc536f4d752a9082f2ba8038f2a190cbc43b7ddf0e6889d75c3ab23e23fd94447999a2ebab836bce22dbaed8697d4b4a3496949919a76d90d4b47ec6c525aa253d34ebbe17946b4f00a25256ed2c59dd20af920a7fe056452ecb7efa89193c1bae3b1745d74b776d78ad23fd7800527ea1fc1229d680bfe036ee09a34af8a1bc10000000049454e44ae426082),
(4, 'isuru', 'nimsara', '0777428790', 'isurunimsara08@gmail.com', 'isuru123', 'Nittambuwa', '2023-08-25 19:37:33', 0x70726f66696c655f706963732f4e6f726d616c697a65642052656c6174696f6e616c20536368656d61204e65772e6a7067),
(5, 'Isuru', 'Nimsara', '0777428790', 'isurunimsara08@gmail.com', 'isuru123', 'Nittambuwa', '2023-08-25 20:55:38', 0x70726f66696c655f706963732f52656c6174696f6e616c20536368656d61204e65772e6a7067),
(6, 'Isuru', 'Nimsaraa', '0777428790', 'a@gmail.com', 'Isuru123', 'kandy road Nittambuwa', '2023-08-25 20:57:16', 0x70726f66696c655f706963732f52656c6174696f6e616c20536368656d61204e65772e6a7067),
(7, 'Denver', 'Marlon', '0753406402', 'denvermarlon23@gmail.com', 'denver', 'kaduwela', '2023-08-26 23:30:01', 0x70726f66696c655f706963732f646f776e6c6f61646161612e6a7067),
(8, 'samm', 'perera', '07712345', 'sam@gmail.com', 'sam123', '12,colombo 5', '2023-08-27 00:50:50', 0x75706c6f6164732f73616d40676d61696c2e636f6d5f646f776e6c6f61646161612e6a7067),
(9, 'Pasindun', 'Naween', '1234', 'Pasindu@gmail.com', '1234', 'colombo 7', '2023-08-27 09:16:30', 0x70726f66696c655f706963732f616365722e6a7067),
(10, 'Pasindun', 'Naween', '0754653258', 'pasindu@gamil.com', '123', 'Colombo 10', '2023-08-27 09:58:26', 0x70726f66696c655f706963732f646f776e6c6f61642e706e67),
(11, 'Naweenee', 'Tharaka', '0754653258', 'naween@gmail.com', '12345', 'Colomb10', '2023-08-27 10:50:35', 0x70726f66696c655f706963732f646f776e6c6f61642e706e67);

-- --------------------------------------------------------

--
-- Table structure for table `contact`
--

CREATE TABLE `contact` (
  `id` int(100) NOT NULL,
  `name` varchar(50) NOT NULL,
  `email` varchar(100) NOT NULL,
  `message` longtext NOT NULL
) ENGINE=InnoDB DEFAULT CHARSET=utf8mb4 COLLATE=utf8mb4_general_ci;

--
-- Dumping data for table `contact`
--

INSERT INTO `contact` (`id`, `name`, `email`, `message`) VALUES
(1, 'Test', 'Test@gmail.com', 'Test'),
(2, 'Nuwan', 'nuwan@gmail.com', 'Test 2'),
(3, 'Nuwan', 'nuwan@gmail.com', 'Test 2'),
(4, 'Test 4', 'Test02@gmail.com', 'Test 4'),
(5, 'Test 4', 'Test02@gmail.com', 'Test 4'),
(6, 'Test 5', 'Test02@gmail.com', 'Test 5'),
(7, 'Test 5', 'Test02@gmail.com', 'Test 5'),
(8, 'Test 6', 'Test@gmail.com', 'Test 6'),
(9, 'Test 6', 'Test@gmail.com', 'Test 6'),
(10, 'test footer', 'Test@gmail.com', 'test'),
(11, 'test about us', 'Test02@gmail.com', 'test'),
(12, 'Test index', 'Test02@gmail.com', 'test'),
(13, 'Test index', 'Test02@gmail.com', 'test'),
(14, 'test', 'Test@gmail.com', '123'),
(15, 'test', 'Test@gmail.com', '123'),
(16, 'Test', 'Test@gmail.com', 'Text'),
(17, 'Test', 'Test@gmail.com', '77777'),
(18, 'Test', 'Test02@gmail.com', '4444'),
(19, 'test final', 'Test@gmail.com', 'text'),
(20, 'product page', 'Test02@gmail.com', 'text'),
(21, 'blog', 'Test02@gmail.com', 'blog'),
(22, 'contact page', 'Test02@gmail.com', 'test'),
(23, 'contact footer', 'Test02@gmail.com', 'text'),
(24, 'Denver Marlon', 'denvermarlon23@gmail.com', 'good luck'),
(25, 'Denver Marlon', 'denvermarlon23@gmail.com', 'good');

-- --------------------------------------------------------

--
-- Table structure for table `inventory`
--

CREATE TABLE `inventory` (
  `id` int(30) NOT NULL,
  `product_id` int(30) NOT NULL,
  `quantity` double NOT NULL,
  `price` float NOT NULL,
  `date_created` datetime NOT NULL DEFAULT current_timestamp(),
  `date_updated` datetime DEFAULT NULL ON UPDATE current_timestamp()
) ENGINE=InnoDB DEFAULT CHARSET=utf8mb4 COLLATE=utf8mb4_general_ci;

--
-- Dumping data for table `inventory`
--

INSERT INTO `inventory` (`id`, `product_id`, `quantity`, `price`, `date_created`, `date_updated`) VALUES
(2, 2, -4, 69990, '2021-08-30 13:27:26', '2023-08-27 08:40:56'),
(5, 9, 3, 1200, '2023-08-26 11:14:55', '2023-08-26 20:39:12'),
(6, 7, 3, 1250000, '2023-08-26 11:35:24', '2023-08-26 21:14:19'),
(7, 1, 3, 1000000, '2023-08-26 11:35:50', '2023-08-27 20:07:57'),
(8, 13, 2, 150000, '2023-08-26 22:48:55', '2023-08-27 03:48:25'),
(9, 14, 28, 500000, '2023-08-26 23:28:58', '2023-08-26 23:30:55'),
(10, 15, 8, 25000, '2023-08-27 00:48:41', '2023-08-27 09:20:23'),
(11, 16, 1, 15000, '2023-08-27 09:48:04', '2023-08-27 10:54:55'),
(12, 17, 8, 15000, '2023-08-27 10:44:05', NULL);

-- --------------------------------------------------------

--
-- Table structure for table `orders`
--

CREATE TABLE `orders` (
  `id` int(30) NOT NULL,
  `client_id` int(30) NOT NULL,
  `delivery_address` text NOT NULL,
  `payment_method` varchar(100) NOT NULL,
  `order_type` tinyint(1) NOT NULL COMMENT '1= pickup,2= deliver',
  `amount` double NOT NULL,
  `status` tinyint(2) NOT NULL DEFAULT 0,
  `paid` tinyint(1) NOT NULL DEFAULT 0,
  `date_created` datetime NOT NULL DEFAULT current_timestamp(),
  `date_updated` datetime DEFAULT NULL ON UPDATE current_timestamp()
) ENGINE=InnoDB DEFAULT CHARSET=utf8mb4 COLLATE=utf8mb4_general_ci;

--
-- Dumping data for table `orders`
--

INSERT INTO `orders` (`id`, `client_id`, `delivery_address`, `payment_method`, `order_type`, `amount`, `status`, `paid`, `date_created`, `date_updated`) VALUES
(2, 2, 'TEST', 'cod', 1, 69990, 1, 0, '2023-08-23 00:17:51', '2023-08-23 01:02:02'),
(3, 3, 'Colombo 10', 'cod', 1, 94846, 1, 0, '2023-08-23 12:33:25', '2023-08-23 19:49:55'),
(4, 6, 'Malabe', '', 0, 1200, 2, 0, '2023-08-26 19:28:05', '2023-08-26 19:48:38'),
(5, 6, 'kaduwela', '', 0, 1250000, 0, 0, '2023-08-26 19:30:56', '2023-08-26 19:48:44'),
(6, 6, '', '', 0, 1200, 0, 0, '2023-08-26 20:12:19', NULL),
(7, 6, '', '', 0, 1200, 0, 0, '2023-08-26 20:15:17', NULL),
(8, 6, '', '', 0, 1200, 0, 0, '2023-08-26 20:22:35', NULL),
(9, 6, '', '', 0, 1200, 0, 0, '2023-08-26 20:22:59', NULL),
(10, 6, '', '', 0, 1200, 0, 0, '2023-08-26 20:24:16', NULL),
(11, 6, '', '', 0, 1200, 0, 0, '2023-08-26 20:28:52', NULL),
(12, 6, '', '', 0, 2400, 0, 0, '2023-08-26 20:39:11', NULL),
(13, 6, '', '', 0, 349950, 0, 0, '2023-08-26 20:40:54', NULL),
(14, 6, '', '', 0, 349950, 0, 0, '2023-08-26 20:42:10', NULL),
(15, 6, '', '', 0, 69990, 0, 0, '2023-08-26 20:43:54', NULL),
(16, 6, '', '', 0, 69990, 0, 1, '2023-08-26 20:45:03', '2023-08-26 21:08:07'),
(17, 6, '', '', 0, 1250000, 0, 0, '2023-08-26 20:46:10', NULL),
(18, 6, '', '', 0, 1250000, 0, 0, '2023-08-26 20:50:12', NULL),
(19, 6, '', '', 0, 1250000, 0, 0, '2023-08-26 20:51:14', NULL),
(20, 6, '', '', 0, 1250000, 0, 0, '2023-08-26 20:54:14', NULL),
(21, 6, '', '', 0, 1250000, 0, 0, '2023-08-26 21:00:26', NULL),
(22, 6, '', '', 0, 1000000, 0, 0, '2023-08-26 21:02:51', NULL),
(23, 6, '', '', 0, 1000000, 0, 0, '2023-08-26 21:05:30', NULL),
(24, 6, '', '', 0, 1250000, 0, 0, '2023-08-26 21:07:07', NULL),
(25, 6, '', '', 0, 1250000, 0, 0, '2023-08-26 21:14:19', NULL),
(26, 6, '', '', 0, 300000, 2, 0, '2023-08-26 22:51:37', '2023-08-26 22:52:10'),
(27, 6, '', '', 0, 300000, 0, 0, '2023-08-26 22:53:09', NULL),
(28, 7, '', '', 0, 6000000, 3, 1, '2023-08-26 23:30:55', '2023-08-26 23:33:08'),
(29, 8, '', '', 0, 125000, 0, 0, '2023-08-27 00:52:41', NULL),
(30, 8, '', '', 0, 125000, 2, 1, '2023-08-27 00:53:04', '2023-08-27 00:55:55'),
(31, 8, '', '', 0, 139980, 0, 0, '2023-08-27 02:46:18', NULL),
(32, 8, '', '', 0, 69990, 0, 0, '2023-08-27 02:52:33', NULL),
(33, 7, '', '', 0, 150000, 0, 0, '2023-08-27 03:48:25', NULL),
(34, 8, '', '', 0, 69990, 0, 0, '2023-08-27 08:40:56', NULL),
(35, 9, '', '', 0, 50000, 0, 0, '2023-08-27 09:20:23', NULL),
(36, 10, '', '', 0, 30000, 1, 0, '2023-08-27 10:09:45', '2023-08-27 10:13:30'),
(37, 11, '', '', 0, 30000, 3, 1, '2023-08-27 10:54:53', '2023-08-27 10:57:14'),
(38, 11, '', '', 0, 1000000, 0, 0, '2023-08-27 20:07:57', NULL);

-- --------------------------------------------------------

--
-- Table structure for table `order_list`
--

CREATE TABLE `order_list` (
  `id` int(30) NOT NULL,
  `order_id` int(30) NOT NULL,
  `product_id` int(30) NOT NULL,
  `quantity` int(30) NOT NULL,
  `price` double NOT NULL,
  `total` double NOT NULL
) ENGINE=InnoDB DEFAULT CHARSET=utf8mb4 COLLATE=utf8mb4_general_ci;

--
-- Dumping data for table `order_list`
--

INSERT INTO `order_list` (`id`, `order_id`, `product_id`, `quantity`, `price`, `total`) VALUES
(3, 2, 2, 1, 69990, 69990),
(4, 3, 4, 1, 94846, 94846);

-- --------------------------------------------------------

--
-- Table structure for table `products`
--

CREATE TABLE `products` (
  `id` int(30) NOT NULL,
  `brand_id` int(30) NOT NULL,
  `category_id` int(30) NOT NULL,
  `sub_category_id` int(30) NOT NULL,
  `name` varchar(250) NOT NULL,
  `specs` text NOT NULL,
  `status` tinyint(1) NOT NULL DEFAULT 1,
  `date_created` datetime NOT NULL DEFAULT current_timestamp(),
  `phonePic` blob DEFAULT NULL,
  `price` varchar(30) DEFAULT NULL
) ENGINE=InnoDB DEFAULT CHARSET=utf8mb4 COLLATE=utf8mb4_general_ci;

--
-- Dumping data for table `products`
--

INSERT INTO `products` (`id`, `brand_id`, `category_id`, `sub_category_id`, `name`, `specs`, `status`, `date_created`, `phonePic`, `price`) VALUES
(1, 10, 1, 0, 'Samsung Galaxy A34 8GB RAM 128GB', '<h2 style=\\\"margin-bottom: 1em; line-height: 1.043em; font-size: 1.643em; color: rgb(51, 62, 72); font-family: Inter, \\\" open=\\\"\\\" sans\\\",=\\\"\\\" helveticaneue-light,=\\\"\\\" \\\"helvetica=\\\"\\\" neue=\\\"\\\" light\\\",=\\\"\\\" neue\\\",=\\\"\\\" helvetica,=\\\"\\\" arial,=\\\"\\\" \\\"lucida=\\\"\\\" grande\\\",=\\\"\\\" sans-serif;=\\\"\\\" letter-spacing:=\\\"\\\" -0.14px;=\\\"\\\" text-align:=\\\"\\\" center;\\\"=\\\"\\\"><span style=\\\"color: rgb(209, 213, 219); font-family: Söhne, ui-sans-serif, system-ui, -apple-system, &quot;Segoe UI&quot;, Roboto, Ubuntu, Cantarell, &quot;Noto Sans&quot;, sans-serif, &quot;Helvetica Neue&quot;, Arial, &quot;Apple Color Emoji&quot;, &quot;Segoe UI Emoji&quot;, &quot;Segoe UI Symbol&quot;, &quot;Noto Color Emoji&quot;; font-size: 16px; white-space-collapse: preserve;\\\"><div style=\\\"\\\">Processor: Octa-core Snapdragon 765G</div><div style=\\\"\\\">RAM: 6GB</div><div style=\\\"\\\">Storage: 128GB (Expandable up to 256GB via microSD)</div><div style=\\\"\\\">Display: 6.5-inch Super AMOLED, Full HD+ (1080 x 2400 pixels)</div><div style=\\\"\\\">Primary Camera:</div><div style=\\\"\\\">48MP wide sensor, f/1.8 aperture, OIS</div><div style=\\\"\\\">8MP ultra-wide sensor, f/2.2 aperture</div><div style=\\\"\\\">2MP depth sensor, f/2.4 aperture</div><div style=\\\"\\\">Front Camera:</div><div style=\\\"\\\">20MP sensor, f/2.0 aperture</div><div style=\\\"\\\">Battery Capacity: 4,500 mAh</div><div style=\\\"\\\">Operating System: Android 11 with TechOS skin</div><div style=\\\"\\\">Connectivity: 5G, Wi-Fi 802.11ac, Bluetooth 5.0, NFC</div><div style=\\\"\\\">Design: Glass front and back, aluminum frame, weight: 180g</div><div style=\\\"\\\">Additional Features: In-display fingerprint sensor, facial recognition, IP68 water and dust resistance, USB-C port, stereo speakers, headphone jack</div></span></h2>', 1, '2023-08-23 12:20:06', 0xffd8ffe1013b4578696600004d4d002a00000008000501000004000000010000028a01010004000000010000028a87690004000000010000005e01120004000000010000000001320002000000140000004a00000000323032333a30343a31392031343a34303a33360000099003000200000014000000d09291000200000004303030009004000200000014000000e49010000200000007000000f89012000200000007000000ff90110002000000070000010692900002000000043030300092920002000000043030300092080004000000010000000000000000323032333a30343a31392031343a34303a333600323032333a30343a31392031343a34303a3336002b30353a3330002b30353a3330002b30353a333000000101320002000000140000011f00000000323032333a30343a31392031343a34303a333600ffe000104a46494600010100000100010000ffe202284943435f50524f46494c450001010000021800000000021000006d6e74725247422058595a2000000000000000000000000061637370000000000000000000000000000000000000000000000000000000010000f6d6000100000000d32d0000000000000000000000000000000000000000000000000000000000000000000000000000000000000000000000000000000964657363000000f0000000747258595a00000164000000146758595a00000178000000146258595a0000018c0000001472545243000001a00000002867545243000001a00000002862545243000001a00000002877747074000001c80000001463707274000001dc0000003c6d6c756300000000000000010000000c656e5553000000580000001c0073005200470042000000000000000000000000000000000000000000000000000000000000000000000000000000000000000000000000000000000000000000000000000000000000000000000000000000000000000058595a200000000000006fa2000038f50000039058595a2000000000000062990000b785000018da58595a2000000000000024a000000f840000b6cf706172610000000000040000000266660000f2a700000d59000013d000000a5b000000000000000058595a20000000000000f6d6000100000000d32d6d6c756300000000000000010000000c656e5553000000200000001c0047006f006f0067006c006500200049006e0063002e00200032003000310036ffdb0043000302020302020303030304030304050805050404050a070706080c0a0c0c0b0a0b0b0d0e12100d0e110e0b0b1016101113141515150c0f171816141812141514ffdb00430103040405040509050509140d0b0d1414141414141414141414141414141414141414141414141414141414141414141414141414141414141414141414141414ffc0001108028a028a03012200021101031101ffc4001d000100010403010000000000000000000000030102040905070806ffc4005a1000010302030305070e090a050305010000010203041105062107123108134151610922717374b1b21418323537567581919293a1c1d115171923335455729416243436384246525365252743626426458328446382f084ffc4001c0101000203010101000000000000000000000405010203070608ffc40033110100020102030506060203010000000000010203041105122113313341712234515261a106141624429123531532b181ffda000c03010002110311003f00da98000000000000000000000000000000000000000000000000000000000000000000000000000000000000000000000000000000000000000000000000000000000000000000000000000000000000000000000000000000000000000000000000000000000000000000000000000000000000000000000000000000000000000000000000000000000000000000000000000000000000000000000000000000000000000000000000000000000000000000000000000000000000000000000000000000000000000000000000000000000000000000000000000000000000000000000000000000000000000000000000000000000000000000000000000000000000000000000000000000000000000000000000000000000000000000000000000000000000000000000000000000000000000000000000000000000000000000000000000000000000000000000000000000000000000000000000000000000000000000000000000000000000000000000000000000000000000000000000000000000000000000000000000000000000000000000000000000000000000000000000000000000000051786a02e7cee6fda165cc8542fabc7f19a3c2e06a7b2a9951b7f01d09ca8b95bb765b3bb2ae51863c5f394acbb9ae5bc546c5fefc9f71e1ac666c573862b2e2b99b13a8cc78a48bbcaea97aac112f5319c1100f72e63ee82ece30a9dd0e171e238fbdba6f5153bb757c0e5d0f9797ba3185aeb0646c6dede8572b514f213207312c8f6c49fe589b644227d3355d759e5f89ca6db0f5fa7745e857fc058cfcf615fca2f43ef0f19f9ec3c76ea76a2fe9e6f9ea58e853fd79be7a8d87b1ff28b50fbc2c67e7307e516a2f7858cfce61e337476ff00af37cf52cbb9bc2a26f9ea361ecffca2d45ef0b19f9cc1f945a8bde1633f39878b9d249fac4e9ffee44b24bfaccdf3d46c3dadf945a8bde1633f3983f28b517bc2c67e730f132cf2db4a99fe914b16a66fd6a7fa451b0f6e7e516a2f7858cfce60fca2d45ef0b19f9cc3c3eea9a845fe973fd2291bab2a53ff00bb9fe9146c3dc9f945a8bde1633f3983f28b517bc2c67e730f0bbabea513fa64ff0048a46b88d5a2ff004d9fe9146c3dd9f945a8bde1633f39813ba2d437fea1635f3987841715ab4ffef67f9ea7195799314f564387e1d3d4d6e293fe8e16bd6cd4ff0033ba906c360153dd1ec228a274b5392b168226a5d5f248c44438da5eea065baf91194b9331aa9badb7a24454f94f06e61c6301d9e40dabce18abb1dc6912e946afbc71af56e9d658df2bbad6b9f0e0d85d3d2429a32cc4e0361b564ee8ae18f4456e45c6d6fd7ba857f287d0af0c8d8c7ce69a7f7729dce32395c922a5fa1ae5b16fae6339ff00acff009ca6dc93f063786e0bf287517bc6c63e734aa7743e82fdf646c63e2569a7cf5cc673ff0059ff00394a2f299ce7feb3fe7a8e4b7c0de1b874ee86e1cbfe08c67e5685ee8761c9fe07c67e569a78f5cce74ff59df3d47ae6739ffaeff9ea3b3b7c0de1b867f743b0f46b55b91b1972af422b48ff0028951fbc0c6fe730d3fb7948e6b916f25454b17ffc72ad94bbd71f99ff005aaefa551d9dbe06f0dbf7e512a3f7818dfce60fca2547ef031bf9cd3501eb90ccc9c6aeb53ff954b5794ae63fd76b3e994d66b31decb703f94468fde0637f39a3f288d1fbc0c6fe734d3f7ae5731febb59f4ca1394ae63fd76b3e9946c3703f94468fde0637f39a3f288d1fbc0c6fe734d4027290ccaee1595abffcaa57d71d99bf5cadfa55331599ee863786dfbf28951fbc0c6fe7347e513a2f7838d7ce61a805e51d99f5b55d6af86552df5cbe72e899ff001bd4cf25be06f0dc0fe513a2f7838d7ce604ee89d0f4e42c6d13b15a69fbd72d9cbfd67fcf51eb96ce5feb3fe7a8e4b7c0de1b81fca2745ef071af9cc1f944e8bde0e35f39869f7d7319c93feabfe7a8f5cc672ff55ff3d4725be06f0dc1b7ba2787a2f7f90f1b6b7ad15aa73184f743f234f2b198ae118ce0c8ab657cd4cae6a7c686991394c6734545e75ff3d4e5b0ae56b99a91dbb594d05533a9edbaafca6b3598ef865bf3d9fedd323ed3a24765ecc5475d274c0922248df0b5753ef1ae477054534419136f9967375741bef9729e3a8a8b1d75148b1aa3bc287be793b72cac5303c56872a6d22a23a8a2a956c5876626e8d915746b65ed5eb351ee80470ccd9a36bd8e4735c974545d150900000000000000000000000000000000000000000000000000000000000000000000001d53ca536c116c5765d896368a8fc41e9ea7a2855757cced1a76b1e09e5f19b9718da7659cadbdbd4b86d33b12959d0af55b36ff00201e6ea182aa7a8aaaeafa87d5e2d5f22d456d548b7739eed77517a9385bb0cb9664626e33bd428c77370dd7d93fbe5531259372ee53a440916546f1225a86b9d64d54fb5ca790a8ea30a7662cd154b876051fb065ed24fd89d4870799f9456099691d4b9532bd232066895155657bbb4c8e09f3222db82903a4bae87013f2aaa3ad9d61cc79760e61da2cf4889bccedb1cbc98861f5d430629855536af0aa9f612b57d82ff95dd4a05ef914895e58e92e9c485cfb012ba4d48dcf227496227496025593e22373c89f2112c804ef9085f2113a4217cbda04af93b489f2a913a4d085f2811e295eda0a396654557353bd6a7172f4210664cc70ec57233f1095c92668c599bcaf76ab1a2f044f012e1347f86f38e1144eefa163d679117859baa7d6747f287cc3519c369efc3a1739d1c4f6c11b1382f421b444da768626768ddc4e4ec9198b6e799259e495cca6476f4f5735f7589f6a9e8ecafb00c9596606b65a0fc2f5289df4d54bdeaaf634fa0c8994e9b22652a0c229da8d91b1a3e77a26af91535b9cfa38f50e17c1b069f1c5b2577b4fc5f01c438a65c992698e76ab8f8f2ce054f1a323c16858c4e09cca145cbd82f460d43f42867ab90b789f4b1a6c31fc23fa52c67cb3df6960a65dc1957da7a1fa142bfc9cc1afed3d0fd0a19a8897246b75d07e5f17c91fd3a465cbf34b15996b055ffd9a83e8509d9963045ffd9a817ff810cd8d134432626219fcbe1f923fa77ae5cbf34b062cad81af1c170f5ffe04325995b02b7b4787fd0219b1352dc343258d4ea1f97c3f247f4dfb5c9f34b8efe48e5f9d8e8e5c070e7c6e4b39bcca6a8793b9556c7b0ec81895063182c294d86e2376ad3b7846f4e289d87b2634d6e887cbed5f66b4fb56c9b360b2ca905531dced2ccbc1afea5ec52978af0ec7a9d3dab8eb1cde4b2d16aed8b2c73dba79bc4f96f23e1b5395ea2baa656c951b9ce32255b2bdbd3babd69d460eccb67c99f369b87e5c648ad8269f76493a5189aafd47d456ec2f69d972a5f84c38554cb0efaa35d0d9cc776a2f41e89e4d7c9f2a7666f9730e61dd5c6e762b21a76add6145e2aabd679e68785e7cda8ad2f498889eafa9d46b31e3c536adbaf93b5b04d97e51cad431d061f97e8962892cb24b1239ef5eb5533ff923807ec1c3be810e593ac5d75d0f57ae9b0d6222291fd3e3273e499df99c4ff24700fd83877d02154ca5807ec1c3be810e59b75e8246c77b686dd862f963fa6b39f247f2712994b2fdbda2c3be810aa650c0178603877f0e8736da74e3a132448de81d862f963fa6bf98c9f1700993b005ff00d870efa042e4c9b807ec1c3bf87439e4893a8bd22b8ec317cb1fd36fcc64f9a5f3cb9332fb92cb80e1df4087ce661d83e40cd30bd95b96a9e191e9659e9139b7a769d8bcd0e63b0d2da6c178dad48fe9da9a8c959df99e16db9724baed9f524b8fe59a89313c1e35de923b7e7604eb5eb4ed32393eed7531e8d726e6491658254dda69debdf31dd165e8d4f703a9a39a3920998924133559246e4ba39abc50d72eddf2349b1cdb2d4c3468b1523a56d5d22a2ff7156f6f896e879d71de154d26d9b0c7b32fa7d06b273ef4bf7c3737c8676cb599a32fd7647c7aa166c6b2fd9b0cd22f7d514cbec1ddaa9a21eae3547c97b686b83ed47677995926eb3176a61b54a9c1dbdc2ff19b5a62ef3515382a1f1cb95c000000000000000000000000000000000000000000000000000000000000000000006b3395ad42cfca4732c8e5bf3143042dec4d57ed36666b13957ff686ce5e269fcc66075bd64bbb1b7a3442dc1693f0ae2f494ae5b3249111cbd97d482b5f66a27614c17114c3f16a695eb66a489753a40e379416d51711cc3f8068dfcde1784b5216c6c5b239fd373a3b10c4bd528aae739555346b12eaa71db51c565a4da163f04ae547a55bdfe1455ba29858166ca9c1310656d2b59249b8acdd91bbcd545e3a198ef1c6e2ac6ca8f58d577938a38e5b6299cdf8266d5c0ea5eab8562f789f1b97464bfdd72756a60e210f391d55748d5858fd5ac72f4af421c1e4bc2e6c6b68997a8e99156596ba3b6ef1b22ea6b3dfb0f4e61f5ae7364824fd2c2f746e55e9b2dae64ba4d6c71d37351e6fcc1140edf823aa735abc7868bf5dcc957d8c891f210ba42c74a42e90091d2912ca46f90896402573c81d258b5d2103a4b0123a5217c9a2963a4b9148fb201cdecf98afcdd573af18a8d6df29e76c3626e2db7fa6649df2257a2afc4b73d0fb387df3062c9ff8879eb29ff68287cbdc4bd2c6f9e91f5870cf3b62b4fd25ec0a872ba57aa75965ee855eeef9de12345ba1ee148da21e4f6eb6ea2defd853a42a8b71d490e95aaf6aeb643218d552162594ca89bf1989778aa689ba7032626dc8e36995136e736fb2f8d864b1859130ca647aa18dd9226594cb899d9a96c50df5b199144ba686bcc2e8d5e889abbe526462af14b97c70ef7413361b21aef10cee8773e5ea2a915facca484b9b0f61af3b132c7641d0884cd809db1adc95b1aaf40e7719b216436246c24ec8bb095b12f51ca7231ba0480b9215329b0a92242a73ed25d62cc2e6154a2c2a67734aa51d0adbb4c768e91671b244e453c73dd02c3636e2d95711465a69699d139dd688e53da9244ba1e3fee8633721c9dfb9279ca2e376e6d15b75cf0db4fe62afa1d83d4c9164ac8d568bdfd2e274ef6af577c6ebb0e7ac9414ee5e98dabf51a4cd8525f66d95fcba9fd3376384fb5749e29be63cae5f6acb0018000000000000000000000000000000000000000000000000000000000000000003589cabff00b43673f134fe636766b17957ebca173a76414fe63303aa2ae5deb780e26b516585ed6f154332a64b5afd4613a5d4dfc87456d7b089719ad5c56963576250b523aa8938cad4e0f4eb3ac28f159607d95ca8a9d0ba2a1e9dccf95e2c719ceb1eb05537d8c8cd14eacc6725d6c156b255e150621afe9234dd72a181d7d558e4d5ae6b15cf95ebdeb58d5572af810ef4d8ee4697655824db46ccb4fcce21246e8705c3654b48b2392dceaa714b5ce3b27e28b955ec970bc8d40dc41ab76d5567e715bda87d34df86f38e2a98ae64ac5a999bfa381348e24ea6a74181919620962a359ea2eea99dce965775b9cb755f954e51d2239548dcf48d88d6f41dddc977937c7b7bafc52a711c45d4384d0d996897bf91ebf60bde295de4747c9222290b9e8a87a1f6c7c959b94e3c665cb93d4d7370b62cb2b656e8ad4e365f01e6c6d46fc68e4e0a72c596b9637a89dcfd14895fdba11ba45ec22749adc9025748863b9fa9473ee42e7d80bd5e46f7e846e93891ac9703e97668bbd983175ffc33cfb9516dca061f2f71e80d97eb8fe31e4879fb2bf7bca022f2f713349ef14f5847d47837f497ae9efefdfe1523dfb96c8efce3fc2a51b7dd43dce91d21e55b754a8b72e6f12245bf8095886f2ed109e24d4cc8dba18b1a594cd893434ddda1910b4ca89a430b4cc89ba9a6ee892266bc4cd8a3b91431dce4218f81accb1b2e8a244e833638f4e05b14665c719ca6456366884ac8fb09238f4b93362eb349b359429197b63b93a465e8cd381a7338da50b19d84891d89991fc64cd8bb0e73772dd14717613b6226645a702764247b5cdd0361ec24487b0ca643742448ae8719c8e912c2e613a8b1605f8ce45200b4c73ed5da1c53e9d54f1c774522e6e2c9be2e4f39ed9753af51e30ee90c7b9164bd38c7279ca9e2f939b49685cf0cf79866ec2b4d9be56f2ea7f4cdd8613ed5d278a6f98d276c334d9c655f2ea7f48dd8e13ed5d278a6f98f3897dc32c006000000000000000000000000000000000000000000000000000000000000000000d62f2ad4bf286cebe4f0798d9d1ac6e557fda1b3af93c1e63303a56adf7b780c1575dc64562d9df118b0c52d654c54f026f4b2bd18d44eb553a0cfc032ee299b3114a1c2295d5751c5cadf62c4eb72f421f59886cdf2f65689533466ca782a912eb4f44d47ab7b2ea64678ceb4fb29cbd0e58c11cd6621247bf5d56cf66e72f45cf3b63f8dcb88be47ab9d33d5555ce72dd40ed8aaa0ca55cf56e07991934e9c22aa6a3557e4381ab8e4a495629111153ab829d058bd4490bb9c6aba37a2dd1cd5b2a1f4f91f68d538b2bb0aaf9164ab898af82677191a9c5abda0765b9c76df278db141b37adadc2f11ad9b0ec2ebdc8e5ab8aff9b776f61d2d4d58daaa76c8d768a8564723935d50e5931d72d796c3defb75e57f91e836475997b2b620ccc198310a4f52f3d0b3bd8d152caf73bacd7fc77646d6aadd53897598df60d46f80b555113899a5231c6d00e7a2749139e9d65af7dc856436dc4ae9342073ee5ae908dd20dc55ee4eb2de71108e493e3217bcd87d96caddbd8f630bff008879fb2d7bbfc5e5ebf69df9b24555c7718f253a0f2e69b7e8fcbd499a3f78a7ac3867f0ade92f58bd7f38ed7a4aa3b4217ade5778491bc10f74aced10f2e98f693309a3e242ce24f1a09975864c686740de1a989136e67c0de0719974886542d33a065cc681b7b1c8d330e5366653411f61c84117610c11f0391823e1a1ce6cd775f1c5c0cc8e22d8d9c0ca8d8729b3136191e84cd615632c84ad69ce6ce53659b9a97b63e92f44ec25633b0d399ca656b2227643a9732332a388e36bb5591c4b6e04ec8bac9591190c8bb0896bb68844d8495b0d93a89db126848d8f5e0479ba456ac648114afa9ccb48afd16246c56e839cddda28c1f52aeba1e27ee9743cd45923b63957eb3dcfcd761e21ee9cb3723c8de2e5f3957c4726fa7b42e386d76d4558fb0df739cabe5f4fe91bb1c27daba4f14df31a4ed86fb9ce55f2fa7f48dd8e13ed5d278a6f98f8797dab2c006000000000000000000000000000000000000000000000000000000000000000000d62f2ae5b7284cede4f0798d9d1ac4e55ff00da0f3bf93c1e63303a22b2526cb95494b8e52cebeca375dbe130aa9fdf7c471b5352f8139c67b26adce83aff003de729ebf3462724d22ba5599cd5de5bd910c6cb15f96712cc74d4b9b712aac2f02589caf9e8d2ef592ddea782e7cded4617d06627d7b11568abff0038c7a704774a29f334f89473b11244475b454515da27791f4b98f2f623977109a0ab8246d2c9792964915179c8957bd769d687c9e1b2cb4f9a70c582fce7aa5ad4b74dd6d639fc5b354b5f4b1c2e72ee31a89773d5caa89c12ebc13b0e6361d94bf9519ddb89d526e60d82a2d6d6543bd8a6ea2ab5b7eb5535b4c6fd1987dee11ced2cd59492a6e490cae454ead6e723bd76f1389c2eb9d8bd6e21892a59b573be4669fdd55ef7eab1c8b9d6433e44ae72e9da44b216be455217c8376173de44e7dcb5f2113a4302e73b42273fb4b5f2290ba4b74817abf4e246af2c7c9a10efa9b0fbad8fadf1cc67c94e83c03bddbe33cbdc77cec6dd7c7319f253a17055ff009f4df2e713349ef14f5870cfe15bd1eab45bcaed7a49daba58c445bb97c24cc76a887b947743cca63ab3224d4c98d3531227703320d550d65d2219d0b4ce81381890a5ccf8535423dadb3666c2de07254cdd10c285a7234edd10e1366b32ce823d4e4608f530e16f0390819639ccb9ccb22367032636e8450b78741991b7821ca6ce3361add0bd18a5ed62a780911a6932d26cb5b1933232ac613c4cd4e56b6d0d7756388ca8a3b948e33258cb7dc44b5dd2b5dd746cb22133197e21884cc66a44b592a94991ac2564655adb1331ab638cdd369896247a12230b923256b3b0e3374aa63428c3c39dd404dd8f22f8b97ce7bad1ba9e17eea337763c89a7fd397ce56ebadbe195b68f1f2e58971fb0df739cabe5f4fe91bb1c27daba4f14df31a4ed86fb9ce55f2fa7f48dd8e13ed5d278a6f98f9397d232c006000000000000000000000000000000000000000000000000000000000000000000d6272b0fed039e3c9a0f31b3b3589cac16dca033cf9341e63303cf35b25954e3e57ef22a2f49935d222982afbad8e83e2f37610e58256494eb594122ddd174b17ada758bb2b42b50ada3c4988d55fd1d526eb9bf19df92bd96547d953a8823d9356e6e62cd4b976aea22ff005121546fcaa626075ae5ed96e1733993660cdb4341477efa3a75df9153a93a8fbdc6731e115180459432551494997d8e47555648967d5393afb0b6b3636fcb6e596af039a044fef3a3ba7d44904115347b91b11ad4e8431b330a5242da48591b52c8d4b6848e7a96b9d6227bc332abdf62173b40f790b9dda1aaaf7112b96ea51ef22570157beca40e7dcabdda9039f6502af7dae46af2c7c96225935361d87b175be338cf931d0d827bbd37cb97ce77b6c45dbd8ce35e4c744e0ab6dbd37cbd7ce4bd27bce3f5870cfe15bd1ea76fb25f093b14853d92f84919a2dcf74f279acf7b2e133a9d3530604392a76e8870b4ed0eb10e420439181baa1834edd52e872302596e44b4930ce81ba1c953a703021e07214c9c0e7bb8d9c843a58e4214e060c49739181b6b1ca5c2659703785ccc8d0c785ba199134e332e3baf6b4911b708dd10918deb39ccecc6eac6c326365f81646c32a2611af76f58dd7c6cd3813b19c046c26634876ba7529bae899a5c9e3670291b0c8647c0877c8b0c78a6546b095ac2a8db2f592b1bd646b6485963c52b51bd85e8cebe05e8d2e4691e7227e3c3f45ad6f65cf0b775292d1644f172f9cf7758f097753358b21f8b97ce41d55f7a4c2cb161e59ddc4ec37dce72af97d3fa46ec709f6ae93c537cc693b61bee73957cbe9fd2376384fb5749e29be628653196003000000000000000000000000000000000000000000000000000000000000000002d7bb718aeea4b9aabe50d99599ab6dfb41aa6d34b4a91363837654b2bb752dbc9d8a6d4aa3f42ff00029a9adb7aaaedaf6877ea61981d2f58fb390c29264622aafc84d5b25dca4f95e38aa731d036a1bbd0324491e8bd289a9d0764e5bcbf81ecd700a7cc799a9e3c4318a96f3947864bab224e873d3a57b0f82da0edd732e3ce7b1b88be8a9b8369e95db8c6a7422221f37b53da4cb99b3355ccf75a28979a8d88ba351343af56697137aeeaaaa5f76c9c557a900e57f1bb98f07995d1e293d446beca299eae6bbe25394a3cf14999a15a9631b054356d344dd2cbd763abf1ba67d3ef3aeaa88aad56aa59514e2f04c524c3b198246af7b2bb9a7a742a29891de492a39a8b7e246e7f69c4e095ab53489bcbdf3155abf119ce7f130ccf72f73c85f25cb5ce217bc30b9f2112c9af12d7bc855e05f249a98ef7dd4a3deaa40e900b9efb26aa47ce6bc4b5efd352273f5361d99b0d76f6318d7931d198327fcfb6a7fe729ddfb075be318d2ffe31d258337fe7e2797a92f47ef38fd61c33f856f47a92d67bb5e9258d3858a2b7bf72db4b92469a9ee9e4f379ef65c0dd50e5a96357221c6409aa1cdd1b6cdd5087927687586540d33a26f031a14d6c67c2cbd88932ccc32e16e887214ecd10c481bc0e469db6b1a4ca359970b4e4a04b9850b6ea7274ecd0e7328b2ca85a65c6845030cb6334235ace6aa270eb246b75ed0d4444b12c6de1a1c2d66f15dd244d32a26df811c6c32e26106f74dc78f7491b09dad291b4c8630afbe45b62c4ac71db8a190d8ee518dbea4cd42bef956d8b0288cb17b50b91aaa5e8db10ed996d8f02d46a956a172f0297384e5dd658f4eaa1e11eea5e91643f172f9cf76ef751e12eea5baf0e43f172f9ce1932735764bbe2e5a4cbe7b6495e9856c972fd63a374a9055432736ce2eb3b821babc918cb730652c2710642fa76d45346fe6a44b39b76a68a6933665ee378175faa61f48dd36cc555722e0d7fd599e621ca03ea4006a000000000000000000000000000000000000000000000000000000000000000022a9fd03fc0a6a6f6e1a6da7687fbac36c953fa07f814d4d6dcd6db65da2aff00d8cf31981d1554ebbaf7e820a6ad5a2a864c8b6b2ea472cb7445bf41893273b1b92f65537f21d5d9c2b24a2cc75d0b956cafdf6af5a29878563ee8a358db3ba9e56bd2464ac5d5aa8a72d9d70a5c4918d7aa475b1691caed1246f529f0e94b530c9bb342e8de9d9a2981f719d736c398696963644893b51566a85f6533978b97e4381c9597e5ccb9cf08c3a262bd5f3a3de89d0c4d5554c7c2b00c571ea965361b87d455ccf5b22318a889e153b8e832cc7b0fcb5513544d0d5676c5a3e65913177bd491ae8be05d40e3617c3f85f144a7b240ca97b596e1a2dbec329cff0094e3b0ca5f515132355bb97573978aaf6994af0cae74842f7947bc89ef0c0f7ea44e938947bc85cf402ae7e9c485cf0e76842f701573ae8597ed2d73b42257dbb4d87696c13db5c6bc9ce94c256db7c4f2f53ba3602b7c571af273a6f036249ca018d5546a2d7aeaa4bd17bd63f5870cfe15bd1eabdcf65c3e22d622a2ea85f1b51247eeaef351552e4bba9d47ba793ce27bd9746c4554eb39aa76ad90e1a912ce39b81dbc8842cddeed56642cef90e4a0670eb30606f7c729033810e67a92c9a78d34393a78ae6253c7a9ca53c7c3a4e5328b684d047a9ca5347c0c5822b9ca53c5d447bd91e6a9a28f432591e8238ed6d0c86334225aecc511a45c09e266855184d1b0859326c918f1eebe267c865c7191c6c32a36957972adb1625f1310c8632e858c6992c69579332eb162236d895ac2ac4eb4d09110acc999778708d4508d2e4d02f0225b32db1625aaa962d55b85d3b0b57434ed96b8f00fd3c0784bba90bf9ac89e2e5f39eeb739553a0f09f7523f439117ff00c72f9ccc64de763558f970da5f35b32f71cc0bcaa1f48dd36cc7fa8b8379333cc6967665ee398179543e91ba6d98ff0051706f266798de5f34fa9001800000000000000000000000000000000000000000000000000000000000000001154fe81fe053537b735ff9c9b46fdc6798db254fe81fe053531b755ff9cdb47f16cf329981e7a7bfbd4f0103df612bd51a9e031df2686fb8c4c4e820c4a2564a88b73e56a72a5652c8ab4955dea706bd378faf576a44aeb0dc70d87e259be860e621c51b4d175c11235df29252616f6cefaaab9a4aaaa9357cb2bb79caa722e7d889ef302f7c8844e796b9f72273c0b9ce2273cb5cf5b9139f602e7bee44e75ae51ef2273f502e571139e5ae71139ea05cf7912bb5e25af7e844b2749b0edae4ff00ae298cf939d3582a5f94033a13d5ebe73b8b93dadf12c6fc9ce9dc116db7e62f557bbce4cd147ee71fac3867f0ade8f58d1b112691a8b74de5325d1eeaadc8a85112a5c97baef71395a9a6dd545b7143ddaf1b6cf389ef4548dbaa1cc5333444b1c5d232df129cd534775452bf2c3b57b99d4ccd4e52067418b4d170393a78f5420da5b4c32a9a3e1a1ca5347c343169a2bd8e529a2d508d6b384d593045aa1ca53c5a18d045c0e5208b42164bb4e456362f513359a97b22d3c0488cf8cafbe476ae35ad613c4c44f086309e26159972a6e2c6ba365d4c98d9f216c719931c7f194f9b2ae70e2563613b5bc0a31a4a8db14d973aef0e255a962f44b044b8542b2f99778710ba96b9dd45554b156d723ce65b62c4a3b8588dcb652ae52372ea66332d71e251f25ae7857ba8aebc3917c5cbe73dcee44b703c2ddd42fd1e45f172f9c97872735a21c388536d35a5f3db32f71cc0bcaa1f48dd36cc7fa8b8379333cc6967665ee398179543e91ba6d98ff51706f266798b197c4bea4006000000000000000000000000000000000000000000000000000000000000000004553fa07f814d4cedd3dd9b68fe29be6536cf3a6f42f4ec53523b69aa5abdb16d31cb4f353ab1118ad9d9baab6bea9d866079ce575da9e031dce2b34ba2780c5748645ee77691b9c858e7dcb1ce322ae7113dc1ce227380ab9c46e716b96c58e7768073b5ec227383dc44e700738895c970e522575940ab9742272873f4225758d855eed08b782bfac8dceb01dbdc9e16f89637e4e74f606b6dbfb17aabd7ce76ff002745be218df883a8702fed00dd2fff00105d3e326e87deb1c7d611f51d315bd25eb1a2913d5cd4d111ce53ed2ba81129229511754e27c4351b1d4a39a97b38ed6a3a5f57e5ae71bc5888a7bc6a2392225e718e79f77c5d3b2d22b4e6e8a1554438c746b1d4ea9c54e7b0f8eec6ad8acccef8d9d4d0e8872b4d05edd4474b4f744d0e5e9e9f44d2c5564b3becba9e14454d0e4e9a152ca7a755b29c9d353ae9a106f763937490436b1c8c31dad742c860b5ba0ce8a2b215f932378c6b1acb2217b5b6544254658bd19aa685665c8ef4c6b5b1e84f130b98cd09e366a53e6ca9f8b1755591d8c863503584ac6dba0a3cd99758710c6925bb0b912de12e4429f2e685d62c72b51340abd05ced10b17815b7cdbaef0e3d963d6c46ae2e75d4b1548fdaadf1e35aaed3b085ea972f73c81eeb1da9758d28a39ea887863ba7eebc791bc5cbe73dc923b4e27867ba78b78b2378b97ce5ae96dbde1078a536d2da5c16ccbdc7302f2a87d2374db31fea2e0de4ccf31a57d9cbf99d8ae0b2231d26ed442edc8d2ee5efb822759ba5d9548e9b67b814ae8a48164a48ddcdcaddd736ed4d150bc979fbeb0006a000000000000000000000000000000000000000000000000000000000000000028a974d4d5e72b5b376efb41b69fcce1e1fba6d10d5cf2b8ba6de3687e430fa266078e657689d3a18ce79748fb353c063b9e6c2e73ec46e79639e46f774dc6c2e748962374858af2d5719d855cfd4b1642c57162b86c2af79139e51eed4895dda6455cf2357ea51ce2257017ab889ce28ae225776815738b1cbc0a2bb52c7380ee3e4e6a9eafc6fc41d4980337f940b5a9c571053b5f938aafe10c6fc41d5797ecde50ac555b7f3f5276863f778fd611f53e0dfd25eab73512754ea729dcdb34ddc4b07929d511577550e9de6179d7ab5515b75ba9da9b16ad6c78a240f5ef5dd67be6babfe099f83ccb47789cdcbf170f8ee1eea3ae7a2a5b75d6e07258345ce311110fabda6e5d5a2c45cf6b3bd91379343e7f2e4577597453e7ed9232628b42d3b39a5e625ced2535ec96397a6a5ba7029434b67dec733474bd4851e5c89314430525ba0e469e97a9353221a355e833e9e9153a0afbe58758a31e2a7e1a6a65321b74194ca6b746a4a90a7515b9323b571b11225f0156c3732f9a2ad8b5d10aacb95269891322b7413c71d891b12db812b632973645962c6b5acb123585e8cbadba0bd1b7e828b3645c61c68f77acaf4dcbf74b4a8cb91738a8b5d75f016aa59bc0b9dd4ba91bdc40b5d6f8e8b1f6207b913b495caa63b96ebd86b165b63af458e5d5481ea4cf5207f529271d93a954522aaa784f0ef74e7f4591bc5cbe73dc4f4e07873ba73fa2c8fe2e5f3975a29ff00242bf8b46da3b31f625ee7194fa7f9fd3fa66ecb094b617496d3f34df31a4cd89adb66f94fcbe9fd3376784fb5749e29be643e8a5e6acb001a80000000000000000000000000000000000000000000000000000000000000000b5eedc6abba112e6a87946664fe53edaf69951ea592939b8190a365b5ddba96def029b5c9ff004327eea9a96dbbfbb2ed32ff00e837cca660794e47e89e03195daa924aeb22780c673cdf61573b8a11b9d7f88a39fa91abedd86455ca58e714590b1cf02ae711ab8a2bc8dcf00f71139da1573c895c18dd47291aadcab9c46aed41b8ab752357215552c55d431b8aa5aae428ab642355d54367737271fe9f8df893ab72fb58ee50cc492fbbeaf5e1f19da3c9bffa7637e27ec3ab7014bf285627fb82f9c9fa0f7bc7eb08da9f02fe92f5b246b77ab785d50fa6c8b88fe0cc7699e8bbbdf222dd4e0628fbe7276af02687f3352c7a68ad53f43e4ac5f1cd5e41832726789fabd599e7064c5f2cd257313797712ea753e1948b057ab2d6d4eeed94d5c59bb20ba9dea8e7b1ba5cebec77035c2f1677796b38f3ba649c76be0b793efb3e2898ae48f365d0d3dda97439aa4a75e1622c360e72262d8e6e9a9754552a7364eac4516c14aabad8ce8a9cca8a993750cb86992c5564c8935a30db4f60b0a2746a725ea6eb28b4f62065caef5a38ee6b50916bc0ce582c121d4a9cb952e98d8cd8b42e48eda192915ae123b14b9b22c31e3d90a33e42a8c4b6a4aa9d85aa962932dd6d8aa8d511108dc9a9238b1daa95592cb5c5542fe9d489dd5a12bfa489e45995ae3aa27705d481fa13bc85dc0da25678e10bada903d49de40e425e34ea4235d0f0ef74dff4591ff725f39ee37689643c37dd37fd0e48fdc97ce5ee87c58567188fd959c5ecaf10fc15b23cbb59cd3a7e62ae0939b671759dc10dd6e47c6531fca584e2090be9fd514cc7f3527b26dd13453499b35f71bc03caa0f48dd4ecd35c8d8379333cc7d24bcc5f4e00300000000000000000000000000000000000000000000000000000000000000000239ff42ffdd5352bb7af764da67896f994db54ebf9993f754d4a6de1cd936c3b4c731c8e4485a9745bf429981e4b9dda37c06239daa93ccee1e0311ca8aaabd274805716b9c5aaba1639c0555c58ae2d577c858e7680555c46e71472962b831239e46e7073b552c550d54738b15c1ca58aa015da1628552d5720055b96bb81455ba96bb806eee8e4dbfd371bf13f61d659699ce728a8dbd75ebe73b339367f4dc6fc4fd875ce4e8f9ce525033af105fb499a19db578fd611357e05fd25eb9a787f9c39aafdcd575f01755a6e2b16e9aeba7412cd0ac356f45ff32a18f5aaa89bb7bd8fd1d59df678ad27da977df25fcda94f8c49864cf4dc97d8a2a9dc5b48caed49967647a392e78df67f985d97733d155c6e56ee3d15daf45cf7f2321ce39429ab23547abe3475d0f36e3f8a749a98cd1dd2f52e1f78d4e962be70ea0c0e2446ee2a6a8a7d0d3d22184ec3dd87d7ab151512e7370437b5b81f359edbcef0e95af92f8a9eed432e1a744442b0c4b7432d91aa784a9c9694bad58eb1211ab2e662c646e8f42bf25d22b4622b114b770ca58d550b562d4a8cb74cc7463ab110b15bd2bc0c87338d88dcdd0a6cb758528815b6ba96ab7426726a46f2a32dd658eac7725c8dc9af693b95111485c56dacb3a558efe258f42576aba91393bd396eb3c7081fc5485da5cc872684322590eb595852103b8103bec277a6842a9a93a897546e3c39dd36fd0e48fdc97ce7b95c88a786bba71fa2c91fb92f9cbdd0f8b0ade33ee36709b35f71bc03caa0f48dd46ccffa8b8379333cc695f66ca89b1bc015551112aa1baaf477c6e9f662e47e44c15cd547356999654e9d0fa597973ea4006a0000000000000000000000000000000000000000000000000000000000000514a945e005abdf22a2f05d0d547299cb587e57db5ed320c3e258629a9993bdaae55ef9c9755d4dab9abce577eeedb46f208bd13303c2f3bf85ba8c673f4e25d23b44f01039d73a0aab8b15da1457162bb40d65557162b8b55c58e7061739c46e76a515c58aef8c0394b15c55ce2c55b2814552c550ae2d55b8073ac9a119555b96df502a851dc06f1473b40dddcfc9affa6e37e27ec3af7243f7394cd2affb829d85c9ad6f5d8df89fb0eb2cbae56728a89cd5b39310554f9497a38fdce3f5845d4c6f86fe92f6f6334c8958f56fb155bdce1eb646c503d9b88aede4ef8fa163bf09522c8cd55389c3d7533775779353f42e9efbc6d2f0e9f6324c3e6a29962a9f8f8a1ee4e4979dd98fe589b069e4474f4c9dea2aeaad3c2b8822c33e88a8876b6c0f680fc999c282a95ea90b9e91cc97feea95dc7b45f9cd1ced1d61e85c0b3c527967ba5eccceb97bd4f3ac8c6e8ab745383c3d8bbbbae3b5714a6871dc263a88551ec7b37d8e4d6e875dcd48ea3aa722a592e78bd724cd7927be1f57971f2df785f1476e8276b74b948938684e8d4b113259b5610ab3422566a65b934d0b15b62af2dd329563ee766a5ae622190ad4e246f4bea5364ba652ac5566846f6994e6dd081e962a72dd3a956339b6207a194f6f410390aac9658e386339ba963d09dc9c489e9d440b5baac690c67b6c44ed1109e469139bbc88613b1a0771219109dcded2373743bd13e92c67374227375325cd23726a58634baa056dcf0c774ed2ccc91fb92f9cf762b7b0f0af74fd2ccc91fb92f9cbdd178b0a9e313be8ace2364f87c38aec9f2dd1d4355f4f515904723516d74576a6ec328e0f4b80e59c2f0fa267354b4f4ec8e365ef6446a5b534afb15f736ca5f0853fa66ed709f6ae93c537cc7d2cbcc5960035000000000000000000000000000000000000000000000000000000000000028bc0a945e005a6aef95dfbbaed1bc822f44da21abbe579eeebb46f208bd13303c1b23b44f0102bbb4be65b5bc040abc4e8d65573ae46aeba16aa9472fc81815e5aaa5154b556e015c597ea28aa5aab7502aaba962b82a962a814552d571455ba945500ab72d2a5aee2056e85154a00dddd1c9abfa7e37e20eb8cad12cfca3a16226ab8829d8bc9a97fe258da7fe39f0391d2fca6a913fdc5495a59e5d4639fac3867eb8ade92f6865aa9e63109a9deb66aaadae6663347cd3dd6e9389c6a3761f8aaccc454447deff19f4b24adc5b0c64ccb2adac7bae3b72da2cf16d663e5b7343ae31c81188ae4d17b0c1c03115a6ad4d6da9f4f8b526f31588d445e9ed3e06b1eb435ca8dbdafa1f434db2e39acad386e69acc4b653c97b682ccdd92d30ba87a3ab2852c975d5cce83ed334e0dcdc8b2353453c33c9f36a32e48cd541588ffccaaa3266f5b1575362133a9f1fc261aaa7724914f1a3d8e4e94543c278f68ada0d5cda23d9b3d5715a33e289759c4bbab6ea325b65426aea25a4a9722a590899a1f3592dbc6e442d73742d56d90938aa145d4aacb2974842e4d342376be02677d458e4b14f9653a9081cba5c85df2990f4d081c53e494da431e4e263b92e64bf5711393beb58acbcac290c67a6972356990f6e846ad22ca7d218af6912b7a0ca73485c8621368c67378912b4c972712256a2dc9354bacb1dcd2256194a962354d49f89262502b4f09f75052ccc8ffb92f9cf78ab6d73c23dd454b4791bf725f3979a19ff002c2a78bcfecece2f62bee6d94be10a7f4cddae13ed5d278a6f98d256c57dcdb297c214fe99bb5c27daba4f14df31f4f2f3665800d40000000000000000000000000000000000000000000000000000000000000a2f02a51780169abbe579eeebb46f208bd136886aef95eadb6ebb46f208bd13303c0d50b6b780c65713d52df77c0622a9d21acaaafd4b55c514b15430aab8a2b8b15c51540ab94b15d70aa515402e85aba055b96aadc0a702d0e5d6c00a2145e25c5abc40a00037773726af6cf1bf273e0f21ebca768d3fdc57ed3ef39357b698df939f0b9012fca7e8be115fb491a6f1e9eae39bc3b7a3dc18fe1e955148b6bd954e3728621cd4f250cba22f03eb5f06fb9e8a97d54f8acc14126135eda8891535de4543db305f9a391e5bacc5d3764663a55a695d6baa742a1d739821912ea8c46db5ba9db156e6e318436a19673dadd50ebdc661dfbab93444ba21f41a2c9d36957693d8b6ce2b2b62cea3a86abaeba9b07e4a5b516e3d812e5dad955d534e9bf4ee7afb267f97e235cb52b2526eb58f6aaefef2a5acb6f09db3b24da355e59c7282b6964dc9e9ded75afc53a50a6fc45c3abaed34ed1d63b9e8fc375111eccb63f9930bde457a26a7c8ab558e5453ecb2c663a4cef96e9713a67a3e39d89bc88bec5f6d50e0f1ac35d4d2ab91343c06fcd8e671dbbe1f4735dbac389552deb2be128bc0afcaed8d62eabd85abc0b94b17814f953688ddd240f2672913ca8c89d440e4f391b9ba933b4552c54b95d684ea207b742254277a58b1cdbdc8f309d4962bdb622545b195225d4855a62212eb2c77b4895b755325cde246adb926b0915963b9bc7ac8dcd55f0993bbd658ac4526d1dab2c7dc53c1fdd484ef3237ee4be73decacb5cf06f7531bbb1e45fdc97ce5d683c5855716b7ed6ce1762bee6d94be10a7f4cddae13ed5d278a6f98d256c57dcdb297c214fe99bb5c27daba4f14df31f532f3d65800d40000000000000000000000000000000000000000000000000000000000000a2f02a51780169ab9e57deeebb46f208bd1368c6ae395f7bbb6d1fe0f8bd13303c0950fba37c062abae493ae89e031d56c9d8746b2b954b157428ae2d550c2aab642c0ab7e251575d00a2ea02ea00a759697af02c02dbdd40000a58a8029641642a037772726a4ff008a637e4e7c2eced37b9515027fb8afda7dd726def714c6bc9cf88d9ab77b953d027fb8afda48d378f4f572cbe1d9b0458ad23f4e953171ac1bf08d0bd11b77a25d0e5dd0fe75da74a99d4d023d2d6d4f56ae49c731687c2df1c5e2625d3b82d73b08af968e7ba4722d9117a14e3736d03a9a774b16b1aa5ec9d37ea3ec3695955f4e9ead81aa88ab75dd4e0a7cb53cbfca0c1a4864fd3c4965d753ea34b962db65afff005f396c738b2757c062f15918ff0066a9aaa2f142ecbd8afa9aa6246aab5c8baeb6b976294f2d2bd63777ca9adae7012c8b4b5892eea2aa2dd12e7d05ab5c94da5f49a6b4d76987b9f92ded8d983621f822ba6b5156aa232eba46febf8cf5dd7d232b69fa156d745353792334ad34d049ce6e3d75b2741b0de4f7b5a8b3c65a650d54a8ec4a91a8dbaaeb237acf11fc4fc2670de7518e3d5f69a4cf196bcb3defa2aea55a591cd5e1730d14faec6b0f6cd1ac8d4baaf41f252b162556aa6a79b5fda85857a4ecb1c9a11b9491cb72076abd85565aa6525639d75b11bba8ab96cb72d71539289f4952c9723ebb97dd6e5aad2bef54daca37b508d5151099e9a112f1384d52eb281fa91b92e4eef011392eba7011449ad91392c46a97552756f12c736fc0ef5aa445902b2e85b6baf84c8dce828ac5b12e9574e7632b353c19dd504b47913f725f39efadcb9e07eeaa355b1e44fdc97ce5ce86bb65855f14b6fa697cf6c5d6db36ca5f0853fa66edb09f6ae93c537cc6927631ee6b94be10a7f4cddb613ed5d278a6f98fa597c2b2c006a000000000000000000000000000000000000000000000000000000000000051781528bc00b4d5c72bdf776da47c1f17a26d1cd5c72bdf778da47c1f17a26606bee675d1be02055e82595744f010dce8d654716aad8aaaea5aeb861455b800000515402a9680059c16c54b952e53740b54aa6a5774a816d94594b806eee2e4ddeda633e4e7c5ecc52fcaa70ff8457ed3ed39377b6b8cf939f1bb2c4dee55b877c24bf69234de3d3d5cb2f8766c5d59f9d77854cfa78eca8a851614e79de1533208aca7a6de5f1b11d54aac263c568a5a699b76bd2c8aa9c0f3c66bc2aab22e62748ac5e6ef67a270736e7a729a3d50f9eda46416671c124731112ae16aab3fee4ea3be8759d864e5bffd650f55a6ed2bcd5ef879a73a61aca881b5f46ede8e46ef2393a4eb97b9d36f316cf7b2ee45beb63b028ea5d82574f81e228ada691cad8d5ffdc71f1599f0b9307c41cc58f7b5ba769e8ba5bef5e571d1dff8cb1282b2682a59baaa9babc14ef1d8fed42a72b6314d5b4f32b1f1392edbe8e4e943cf8922ac9f9c7bf79157bd5ea395c17157d0ce91ef271ba2a291f5da4aeaf1cd2d0fa1c579c568986e0322e7aa1cf7804188d2bd15b235124622ead71763787ee395edf62a786393dedb66c998ac51cd2aba866546cb1aae9e13dd384637498f61b14f0cad969e66ef31c8b73f3cf1ae137e1d9e6623d997d560cb5cd5fabe79cf467152c72a7133318a05a791553569c5b66b2594f96c98b9a3a265657bb870225e2555cbe142974f09539316c9d4956d74b962bac85e9c150b1de02bed8baa6565475ac44ee92f7165ae8709c4995946f2cb5b42452c56a20eca526b2b15bc54b6c9f1f6132a16eea5f81d2b8e5d3991e96ed28ad25ddf906e6a4aa51b732246d8f037756dbbb0e415eb64be73dfbb9d87813babc9f99d9ff8b97ce5ae92bb64856710b6f8261f2db18d366b94be10a7f4cddb613ed5d278a6f98d246c67dcd3297c214de99bb7c27daba4f14df317b2f8f65800d40000000000000000000000000000000000000000000000000000000000000a2f02a51780169ab8e57beef1b48f83e2f44da39ab8e57beef1b48f83e2f44cc0d7c4bc1be0205e24f3696f0102f13a43590a2f02a5030b40000b5dc4b8a2a5d40b415b29546e9a81682f44b002d4d4aee952a8805bbbda377b4bec2c19dddbbc9c34c5719f273e3b653fdabb0df8497ed3ec793927fc6718f2753e3f64daf2b0c313fdc97ed2469fc7a7ab4cbd71cb6588d4e75cbda65c0cb3908373f3cff0a99b032fd07a5e4ee7c8c4756653352e87314adb26bf21c6d332ca872b025950aac9d1da21d13ca33648b55472e62c362baa25ea23627b15ff00321e76a6ab5cc344b8756b91311852d0bd7fea275784d8825345570ba19989245222b5cd54ba2a29e31e521b189f67b8b3719c318f76153bf7992353f42eff002a9f63c1389c5a634f967af94abb360ec6fda563a3a231664b0556e4ab67316caabc4c48264499771f7ddd52c7d4cee8738d03a46a35989d3b7f391f0e713ad0f86979ca7a87355aacb2d952c7df792763b45a377dae038ebe924677eb7ed53d69c9eb6f2fc2159856213ef5248a88c7397d829e21a3aa557f13eb32fe3efa399ae6becad5bdee50715e198f5d8a6b685861cd38a7786daa831b8319a26aefb5e8e4d1c8b7b9c36234eea796e9c0f2f6c436de8f6418756cf65e0d72a9e96a2cc3062f4e91bde8ab6d1d7e2782f11e159745966b31d1f4d873572d625232a6e965b5c951d7e8387ac73a9664d74e82683116bdb655d4f9ecba69ef84ea59cb22e9da5ae5bf1e063c73ef6b72447dfa6e565f026d2cb96ca85ae4f88a6f68156e8459c2995b28a8585caeba8d0c76491165ab6055535e23a389bc626fcca2db42ba2f0296f8cb938e9a1deb8f63994b687803bac0968b2078b9bce6c0d0d7f7759348767fe2e6f39330d76bc2bb5b3be197c8ec67dcd7297c214de99bb7c27daba4f14df31a48d8d7b9b652f8429bd2376f84fb5749e29be62c65f30cb0018000000000000000000000000000000000000000000000000000000000000028bc0a945e005a6adf95efbbc6d23e0e8bd136906adf95efbbc6d27e0e8bd133035f551c53c063af1322a7a3c062b8e90d65552d0030000000112f700135e82eb20029ba374b8014b22152bba8a9a9544b70029ba56c5c8d1ba076d72734b6358c79329f1fb23d7959e19f092fda7d87274f6ef18f2753e4364097e569867c24efb491a7f1e9ead72f873e8d996efe75fe153329f8a189ff005debdaa6542965b9e9f92bbc3e3e96727068a7250a5d52c71903b54393a676ba6a54e584aa4b93816d62fc732ee1f9bb05a9c2f1381b514950c5639aee8bf4a7691c2b7b29c9d3bad6ea2bad6b5262d59da612768b46d2d746dc763d8aec5736b5d1abdd412b95f4956de0e6ff00957b510f87af821cd146fada66a4758c4fcf429d3da86d0f3cecf307da8656a9c131881af8e56fe6e6b77d0bba1c8a6b676b5b2bcc1b0dce5252d4b1fcca395d4d5689de4ecfff00ba0f4fe09c66bada462cb3b5e3eeadbe29c16de3b9d64923e9a45475d2cb6b1c9d2562e8a8a72d59414f9a689d5b42d48ea98979e9d38a76a761f2a8b251c8ad7a2a1f593d526931687dd6059866c3e78df1bd5ae6aa2a2dcf4fec9f6d3eaba78e8ab26b4add1ae553c734555bdc14e770ac666c3ea1b246f56ab75454529b5fc3b16b6935b4754bc59a714b63f86e7087118991cee4d744793bf10f52cba3aed5e0a87947206d5d6b218e96b6756bda9debced8c2f681746c150ede4e87a9e53ace097c3798887d061d4c5a1dd7498cb646a222d97c272115722a7b2facea7a3cc6d454735fdeaf03e828f30b6444efd12c7cbe6e1f35ee85be3c912ec0654239389773c7cb5262cd7a259df19ca47557837d785ed729efa49aa6c5b772c92dcaef1c5c75dd3d04cda8dee0a709d3cc793ac599fbc52ebd461a4ea5dcfa188c12e9cccbdf2a8ba98a92dd38956cc6f187639999be6bff00bac7ac3b3ff17379cf7bf396bea781fbabce63e9367aa8abbfcdcd745f09d229cbd50f573be297ca6c734d9ae51f8429bd2376f84fb5749e29be6348fb1df735ca5f08537a486ee309f6ae93c537cc665f3b0cb00186400000000000000000000000000000000000000000000000000000000000028bc0a945e005a6adf95efbbc6d27e0e8bd136906adf95e2ffcf8da4fc1f17a26606beaa7a3c062b8caaae8f018ae3a359500e2577430a154684697014e05512e11a5cd4b814dd2a885f64005b65165b971544b816ee95442a8d2e44b816ee8dd2fdd2a8cb81dabc9d74c6f18f2653e3f63ebff00d59e17f093bed3ec793c26ee3b8ca7fe329f1bb1ff00ed63867c24efb493a6f1e9eae79a7fc76f46ccb7bf3cef0a9950baea60a2fe75c8bd6be732e27d950f5ab53787c452dd5c940ed50e529dd6538685faa29c953c89742a33513b1cb9ba790e4a176870b4f26bc4e529de5464aec995973b47223510e1f69fb2dc136c19526c1b1881aaaad5582a513bf85fd0a8a67d2c9c10e6a8a6b5881da5f05e32639da6126222f1cb66a6b6a7b2fcc7b07ceafa3ad63e3dd72ba9ea513f373b3ffee28613a9a8f3d51bea2858d83118db79a9517d97fdcd36a5b54d93603b64cab360d8dd3b555c8bcc54a277f0bfa1517a8d5eed9762799f6099bd61a86c8d891caea4ae893bc99be1ebec3d5f82f1ca6be9d9e4e978fbab2f8ad82df47c03e096827563915aa8b6b29c8d2d4a3db6bd94e7e86bb0fda0c3cdca8ca3c69896b2e8d9d7ad3a97b0f9bc430ba8c1ea5d1cd1b98ad5b2dd0fabdf7758b44b99a1ab7c126f35cad54d743b132be7d91f0320a97aab534475f81d574958c7b6cbec93829c844f7c6dbb7e5423e6d357357ac3b52f349e8f4461b9d25a646a2c8af8d7d8adcfb1c2f3836644547ebe13cd582e647d22363995648d7a13a0faea0cc08c44921955d1f5749f29a9e1759f25ae1d4ceef4ce199ad88c6aa3fbe5d2c7d3d0e3dce6ea48e544e2aa9d479bf03cd4bdeaf3975e84b9f6d84e717c8a8aafb22e96453e4353c2f69e90bbc5a989ef779c38ba351dcd3f798b7b5d35b1931e22c6b5ab75572a7c4759e1b9a375ab77aea965439d8719f54323457db4ef75e087cfe4d172cf72c22fbbeddb5c8adbef25ef6b122d5a2226b7b9f2acc4b71357697b68ba2a93478935da6f5917a554856d34bb459f4a957da5e959d17382f56aef2223af7d2e49eadbbb751d7539f61f46fbb9d65422277d75eab1e0feea9c9ce45907c5cbe73db0dad72a2355781e1deea3cdcec59113a5b1cbe723e6c7cb4947d4cff8a5c3ec77dcdb297c214de91bb8c27daba4f14df31a47d8f7b9b652f8429bd2377184fb5749e29be62ba540cb00186400000000000000000000000000000000000000000000000000000000000028bc0a945e005a6adb95efbbced23e0f8bd136926adb95e7bbded27e0f8bd133035f755f618ae332ad354f0188e43a35951389716a217a20614e25512ca5512c5c8d02d2e695b15b28044b9556a29546a8b2814dd42a885c8d2a8805bba5510bb750aa201446972685512c540ed1e4f5edfe33e4ca7c66c856dcabf0cf849df69f69c9f12d8fe31e4aa7c4ec8d6dcab70cf849df69274bef14f5871cfe15bd25b2b575a477ef29911c8622bbf3aef0a9231da9ecf34f65e754bed2e4e093e4390824b58e1e1799b0c96542bb2e3dd678f26ee7609781c9d3cd7b6a7cfc12dad7392a79b5d3429b2e34eaddf454b35ac733493dada9f2d4f32dd0e5e96a2d64b95197126d2cfab824bb535389cf9b3ec0b6a196e7c131fa465553489debd53be8ddd0e6af41251555ac9d0a72d14ba26b742ba26f86f17a4ed3093d2f1b4b555ca3792fe3fb10c6d6a21496b30491fbd4d88449ec75d1afb7053e2b03ce9498fc2dc37303772a113763ad54d7b11dd7e1370b8e60b87668c1ea70bc56963ada0a86ab648656dd153acd7a729ce44d5f929f5198328c72623806af7c0d4bcd4dd7a27169e95c23f10573c461d44ed7f8fc559930db0cf357ac3cf98ce58a8c1a5de6a6f44ed58f62ddaa9d68a5b4753cd22248bbca71d81e75abcb2bea0c422f5661cab6563f8b3f77a97b0fa86e19478dc5eabc2a649225d558bec99e143eee9a8adba4f7913131bc2c8226cea8f4fa8e528a4920bac68abe15386a68a7866e6ad7544d3b50e62877646ab5edb7f993a50d6fb5a1d22d312e730fafdf447739ccaa25edd6bd47d361b8ef32d62a48a8a8a896543e3168df1aaab58ab1afb1544e93329e5731375eaebf154b5aca5465c15bf724d334d5da986e657a3955ef57f59f6786e6d6b6951abbae5dee94d6d63a4f0fad7d3395dcf3a36c8de1c6e73f84e3f0be662cd7dd6af7ce6ebf51419f4516f25962d5ede6eeda5c59b2c8e48deae444de5b7f750e4dd8a46f647baa9a26b6e2a75053e61739cd7b5c8d6dec8c4d2e87d451e617b22952462b34ef1513a7c3d452e4d04c792cf1eae25d89057abd52cedd44ff0032e866a54b9ca8a89755e16e93e2b0eaf5ae6c3644589e8b7455b6a9c4e4e9b1d463dbcdaabe26f79bb236f64ec2bafa4984daea21f5b4f54e72b91ce46399ad9cba9e28ee9bd6ad6ff22555a8d56c7222dba75e27ada29b7d51cbfdf5d115753c81dd2e95924d9351ae473d91bdae54eb29f5f87930cb19f2735254d8efb9a651f8429bd24377184fb5749e29be6348fb1d4b6cdb28fc214de921bb8c27daba4f14df31f27beeab65800c0000000000000000000000000000000000000000000000000000000000000145e054a2f002d356dcaf3ddef693f07c5e89b49356dcaed2fb7bda4fc1f17a26606bfaa7ec315c97b199569644f0186bc0e8d6444b6a5c897409c4b830221546f584d352e6ea0374aa37acaa6a5c89602888551110a9c26233d4b2b55ae7ac102a778f44ba5fb40e6c58e36b2a276369e389c8af7a5d5c9d56258e69a4a289d7b48ba380cf46e85ed6a761153b2476edd6fa6a7274345ea95b35bce3938b517554ec030b77c052c89d473943854753866213ba27356191ac447714d4faac3727d02e7696826a7dfa565124eac55e9eb033393f7f58318f2553e1b64cb6e55986fc24efb4ed3d99e08dcbfb42c7a9a26eed3ba8d25897a15aa8755ecab4e555877c24bf692b49ef34f5870d47837f496c91cf5e75daf4a9246fb98d27e95de152f6ad94f71e5f661e4b4cbd59d1bccc864e0718c7f51911c9652264a6eb5c795ccc535953a8cf82a2ca9a9c1c536bc4cd866e055e5c6b3c791f430546a87274d55c353e6609ecbc4e4a9aa352ab2e24eae47d5d255f0ba9cc53d4aadb53e3e9aaaca9a9cbd2d6a69a95197126d323ea195164e24ed99b231cd722398f4b39aed5153a94e0a0ac45e933593a392f7b15d6c7313bc2556f130f33728ee44985e7e654e3993628b0fc59515f3502e914ebd2adea535fd8f655cc7b30c7a6a69e0a9c3eaa072a3e191aad768bdbc50dd0b2a158e4545b9f13b58d8b654db4612ea6c6e91b1d7236d0e2112224b1af87a50fa7e1fc72f836c7a8eb1f1f3844c9862277a356d82e72c3f1f6f315aa94154e4dd591ba35df729f4753865453bd668217d553d9a8e95baad8e5f6edc92f326caab25a84816bf0a55558f10a66ddaa9d1bc9d07556059df18c9ae753cf79a8dd64731f756af817a0fbcc5aeae4ac5e2778f8a3efe4ed38311e72685155cc46aead56d8e5a3861ad72aacad8e5b2a2e9a38e0b06cc18466d46be1a86d3d5b91139a97454f0759cd370fada2a84df447b589abd13425464a5e3a4b95ad355b2e1f2c2a8f56a3e3baa354ab23746bbf6589f6b222705392a2aa6cfbadef95c8ed114e51d4092ef39558f722a76a2f61cad3f166b9a21c5d0566e22ba75df5dc546c49c55785ee67c189542736c5455ba6f225eeaa846dc26485eabbaaa9c57428b4ae65e4622b6ddbaa21c26b12ed19e7ca5cfd0e36aa8db2d95aebeedd6e87d051661e795dbce48d13be446f4a9f091514913925722ee2ad97532a272b2f673916fa22f5112fa7a5922babb57cdd9186e6085b22abfd9397575f543cb5dd0cadf55c9942cede6a44f5bfc677952d53dec63375a8ad5d1538af84f3972e39e49a3caa8eba358c7a5af7d6e7ca71bc114d2de613b06afb5b723ed363dee6d947e10a6f490ddc613ed5d278a6f98d236c7fdcdb28fc234de91bb9c27daba4f14df31e60b2658000000000000000000000000000000000000000000000000000000000000000145e054a2f002d356dcae97fe7e6d27e0f8bd136926adb95d6bb7eda47c1f0fa2660780ead38780c2b5d4e46b5b6b780c2b77c746b2b11ba9722217ee86b4302350b91342a885c8d028885dbb72a8d2e468165add0605561724b2bdec9d5ad91bbae6392e9f11ca232e5775787401830e1cd8df1baebf9b6eea13c74cd6b113a116e6435a8dd112c5dba0490c8d895179bde4b58e4f07c629a85b1f3d49cf491bf7d8e6bb757c0a7128c556fc65ed8ec07d1e0b9ba0a0931065761c9574d592248ac6bf755aa867d3ed19d166aacc6170f63927a5f52b21dfb6e36da2dfacf8f465d7acbb700eded93e64933163f224b0a47251e1ab02bd16fbe9d0aa7556cb34e553877c24bf69f7db084b663c5bc914ebfd962db95361ebfee2bf692b47ef38fd611b55d34f79fa4b63b24bf9d7fef29723ee62c8b699de15f397a3f53deb97a43c52997af566b5fa190c7d8c0648a84ed7fc447bd1678b2b9164a864c5358e2d921911c89d642be259e3cae6619b86a67c5516b6a70514baea66453702bf2615a63c912fa082a134d75391a7abb5b5b9f350d47699d0555b8e85664c3ba6d2efaaa7aa4bf139286afb4f9386aeca9a9c8c159a155930a4d6efa665493367beb73818eaf44d4cc8ead3ac816c4ed191cb4fcc57d2494b570c7534d2a6ebe295a8e6aa7814f326dab914e139aa2a8c4b28ee51553aee7d04bec1cbff6af41e8c655a589e3ab4ba6baa7037d3ea33692dbd27a7c1b5a2b7ef6a1f3e6c7f30641c4e4867a59a8678ddfa39115117b514c6cb7b67c5f2bcdea5c4e275453688e6cbecadd8a6dab3864ec033fe1efa3c770f8aaa3725924b59eded453c89b64e43b2f37515b9697f0952d957d4ce4b48cf0759f4f838963cfdd3cb6fb38cd36efeb0eaccbf9cb2de7485894754ca1abbdf9b99775554fa6a6c366a495bbcebc77d1e9ec7c279b732ec9f19ca75af6b239a9e589758a4454545390cabb61cc793e56d3d539d353dd1161a84ba2f814b8c7adb63e996113260adbad25e94a6c55891cb1b98c7ef2d9ae5e27294d4787d7c2c4de56cae4b597a57a8ebacbbb5ccb1995b1b2ad170ba8768aebdd8aa7de52d0ad446d9b0ea98eb21f648b1aa5c97dad6fd6b2afbf3e364c9979658b45b2a742a89b2fc91c0bba897e9ed2fa2afa9a575e76b9b755444727139f87188a47a35f6e09c381c6d92f5459d4cc77be529f0f951152d6f09e68e5b913a28b2b6f688ac7dbe53db2ca6a0ac46ee2a3551381e49ee84e1aca187272b152ce8e45d3c27cdf1bcdcfa4b42c7866a22faaad61cb6c7bdcdb28fc234de921bb9c27daba4f14df31a46d8efb9b650f8469bd24377384fb5749e29be63cbdf72cb000000000000000000000000000000000000000000000000000000000000000028bc0a945e005a6adb95cfbbfed23e0f87d136926adb95c2fff00503b48f83e1f44cc0f055626a9e030addf5ce46b53869d060aa6a746b2b538972215442e44b860442e46956a5f8972760146b4bdac0d6d8bd12c05374aa3742a8972e4d40b370b910bb74aa200636e85c89642ad4d0b9100a237a8ab5abd8555aaa855a9603b0b61696cc98b79229d7bb2dfed4987fc22a761ec37facb8af9229d77b2ff00ed4941f08bbed25e8fde71fac22eafddb27a4ffe362523d39e7a7fdcbe72e6bcc791579f93f797ce5c8fb29fa0a23d98780c64f6a619ac7dd091afed312392e9d44a8fd4e56aac31e566b1c4d1beca60b5ea84cc91548b6aad31e57231c97432a396c716c7d8c88e4521de8b3c795cac53997154759c3b245432639c837c4b1a65737154dada99d055e88a7011cfaa1951cf6b15f930a6d723e8e2abd38999155a69a9f371d52a9951d558afbe077e77d2c7528b6d4992a52e7cf45576e9321959a90af81bc5dceb6ad3a495b5dbaba2d8e092af4e25c95889a91670cc378c8c4ce39032d67d81d1e2f86c524aa964a863511e9db73cd1b4ae46a8f6cb5182c8cc420d579972223d3ef3d40ead29eae545bdd49787539f0f4df78f84b59989ead62e6ad86e2797aaa46c51cd4b23557bc7b6c8707876339a32554ef47254448dfef46b74f90da0e3784e1798e258b11a286a53a1cad4de4f8cea3cdfc9d70ac491f2e1b2736abff4a54bfd65d62d661bf7fb33f6729bdbba6378799f2bf2949d88c8319a48eb189a2b91375c8768e05b45c9999d11195fea0aa7225a39f44f94f8fcebc9b6a28dcf73e85cd6f4491a5d0ea9c5364f8a616f73a9667aa22fb171611333ed5677f443be1c393e92f5cd0e1f2731bf48f65631552ce85e8bde9e54ee81738d8f2932447b775b2591dd57387c3f1ecdb93a645826aa811bfde89eb6f90f82e527b4fc6768106010e2d2f3cea38dc8d7399baed57a7aca0e313be96cefc3f4938f535bc4ef0ef1d8f7b9b650f8469bd24377384fb5749e29be6348bb1e727e2df27a74fe11a6f490ddd613ed5d278a6f98f377da32c00190000000000000000000000000000000000000000000000000000000000000a2f02a51780169ab4e571fda13691f0743e89b4b3569cadffb42ed1fe0e87d13303c295cdb2b7c071f6b2a9ca6209744f01c72b753a43595add4b91035a972e44b78030aa217352c110b910037897352f7b944697a004f0173502217a2580a227597221544eb2e46f5814442e44ea2a885cd6e9d4051adba92233b0ab585ed4b01f71b104b669c513ff114ebbd97ff006a4a0f845df69d8bb12d335e29e48a75c6cb5d7e54387aff00b8afda4bd1fbd63f5845d5fbb64f49ff00c6c364fd3c9fbca53a38093f4cff00de07e86a47b2fcef7ffb4a46a9223c81abadaf62f6a89abbd2fb32d8f2563ede03158f266393a88f6aac716565b1e4ec7d8c262dbc04ec769722daab4c79198c97813324b29829225909d8fe047b51658f2b3e39be532a39974e838b63f5ea2764bc35d0857c6b1a6472cc9ae4ec9d53a7438a8e554b13b26d7a8876c49517ddcab2a34e24cca9b2f138a64c48d98896c4e91672a953da5fea938b49b4e255275e0469c4db9ba3925a85e852359ddd660f3ff105996dc4e7389af3329d32f596ad42f5986f9554b1645ea35ecfe873331d508e456b911c8bc51753e7719c9582632ae59e918c7aff007e24b29c9ac8539c5eb3588b5277a4ecd67abab71ed8551d66f2d2c8d722f06c8963c5fcb676752644a8cbaaf8122f5431ea8e6add1d653642b2687893ba5cf57c5926eb74e6e5f39178967cb7d25ab7ea9da18db3d7662ec83dce3277c254de91bbec27daba4f14df31a41d90fb9c64ef84a9bd2377d84fb5749e29be63e09f570cb0006400000000000000000000000000000000000000000000000000000000000028bc0a945e005a6ad395bff685da3fc1d0fa26d2cd5d72bba7747ca273fb153be9f0b8a46f6a5953ec3303c2b5c976a780e395a975394afe1f11c62f153a359511ba9722146a17225d430b912c551022172015442e440885e880110b910352fe02fb014442e4408db2e85e896008d2f6b42270246a0146b6ca488db206225c92dc00fb4d8b5bf95588e9afa8d4eb5d9835179515025f4fc22bf69d93b1b91133856c689df3a89d63a6f0ac6532b7281a1c4647a46c8f126bdee774355da9274b314d452d3f1846d4c4db05eb1df312d91caefcf3ff00794aa294aa56ba5e7235458e4447b55382a2a5ca22d8fd134eb58987e77c9135bcc4a42a8b6e0588ba6a5c86ee7d52b17e4266bf54e831d1491ae39cd5de99366531c4cd75d3a8c46bf81911b8e33558e3cac8455d0998b742062a393b4958ee823daab3c79653b556e4ed5d3810335256ad908d6a2ce99190c759095af31e35b92a11ad45852eca63cbdafe83192f72545eb22da891164dce594af384497b6a5c9d2719a43b44ee939cf094e70b0a29ca690ca457dfaca2b8b153b4aaf034e486057216ef58b7545088729c6d7aab7baf13c51dd2b54e6724a74f372e9f19ed7d6f64e2bc0d7ff747b364388ed1704c0a091aff00c1b469cea22fb191caab65f8ac51f15daba6b2cf411339e1f41b20d367193aff00b4a9bd2377d84fb5749e29be643489b1c8565c8191e1b77d36294cc6a75f7c6ef30c6ee61b4ad5e291353ea3e09f550ca0006400000000000000000000000000000000000000000000000000000000000000016ab4d7a72ebca8ec176ef81e36e62b68b1cc35f42e7f4738d55544f91c6c34e84e595b1aa9dae6c9e74c2988b8fe10f4aea15e95737556fc680695f32e1d26178ad6d1ca9bb2432b9965eabe8bf21c0393be3b8f6b5971d98f0d666ba089c93c29ea7c4e951bdfc6f6e8aaa9d8a874e6fa49ab7545e943ac31b2e442e442d45d49112c18d84424469444b17a7006caa34bd10a352e5edd43023752f4409c4b900a2357a352f46db86a10bd12c8011091a85a8974246a75806b752546f028d6923500e6367d89a609b42c2667b91b0d42ad3bd5786bc3eb3a9f94065e9b2e6d12b1fab5923f7d8b6e8e853ee6ba27be0de85dbb3c6a8f8dc9d0e4d50fadcff97a0db6ecee0c6a8da898d61cce6aae14f668a9a5edf1189de3b8767f25adba516d0f29d265bc52ad23cc987c7cdc6b2badea98d385bb50ef47b5f0bf75ed56b93a14d4c35f88e57c591f1c92d15642ebb648d55aa8bd68a7a032272dfcdb976921a3c6a9a9f1fa7625b9c992d2dbf793ed3d1f847e27a62c718757e5e6f3be2ff866d9b2ce6d279f7c3dd08b74452e6aa9e598f97fe0fb89bf936a37ba776a52de62e4ee8060a9fe0da9fe29bf71f53fa9786ffb3ecf97fd35c4be4fbc3d509c0bbe33cae9dd02c13de654ff0014dfb8bbf282609ef32a7f8a6fdc3f52f0dff67d98fd35c4be4fbc3d56d5b133174e2793d3ba0d8227f82ea7f8a6fdc5c9dd08c153fc1753fc537ee39fea4e1bfecfb3ad3f0ef12aff000fbc3d6d1adf5b93b1d75e2791a3ee86e08cff0005552fff00ea6fdc489dd13c113fc1355fc5b7ee394fe21e1d3fcd3a9c0b8857be9f787af6354eb276aa2a1e3d6f745b046ff826abf8b6fdc5edee8d60a8bfd48aafe2dbf71cadc7f87cff0034ea706d6c77d3eef62351135b92b12e78e93ba3f8227f81eabf8b6fdc5e9dd23c153fc0d55fc637ee23cf1dd04ff34ea70bd5c77d5ec76a2dc938a1e374ee94e0a9fe06aafe2dbf7154ee95e0bef16abf8b6fdc719e37a19fe6995e1da98fe2f64a2e85d6b25cf1afe52cc1538645abfe2dbf7172774bb05f78955fc5b7ee39cf19d0fceed1a0d47caf6422dc2ad8f1bfe52ec13de1d57f16dfb87e52ec17de2557f16dfb8e73c6345f3b7fc8ea3e0f63f415e83c6ff94bf04f78955fc5b7ee09dd2fc13de1d57f18dfb8d7fe5f45e5763f23a8f95ec656f696aa755cf1d7e52ec17de254fc756dfb8f99cdfdd26c62aa99d1e59cb34d85bddff5aaddceb9be0e8395b8be8e237e6dd98d0679e930f606d536a7816c5729d463f8f543192b5aa94b45bdf9c9e4b68889d46a6739e6cc476adb43aec6ab6f256e2553bfbbc6c8aba37e24d0b3683b4eccbb50c65f89662c526c42a1caaad47bbbd67635bc10ecee4e5b297e2989ae63c5d9cc613449ceabe44d16dad8f8ee21af9d65b68e9585ee974b1a7af5ef7ad393be419717da0eca72b323555a79db89543513d8b19aea6de636ee31ad4e0d4b21e29e405b2ea9afaac5f69f8ad32c2daf4f526111bdb654a74e2fb746f2a7c87b60a74f5400000000000000000000000000000000000000000000000000000000000000000000b5cd47b55178297003c3bcaaf925629438c56e7dd9cd1b2aa5a84dec5300e0ca94e97b13fcde73c0199764f87664a8a89f2f4ab83630c55f546095ed58d5afe944bf037c0ad454b2a68750ed6792becf76c4ae9f19c1590e256ef710a35e6a66af5ef36d73689d868e712c8b98f027aa5760b54c54fefc4de719f2a1c52c73356cfa7998bd4e8d50da8660ee76660a199eb95f68950da7feed3e27024889d97e27ca4fc84b6bd1b95adcc58054227073e995157ea36e681adcb3bfd393e62954deb7e8e4f98a6c8a1e429b5d723b7f1ecbed5b696a75d7ea244e421b5bef3ff5065fd7d97f365d3ea1bc0d6eb77bfd393e6297a2aa27e8e4f98a6c7bd621b5cb3ffe3f97b45ef7f9b2ea9f204e421b5b57b53f9419791b6d57d4cbf70de18d9ae2473aff00a392dfb8a5e8f5bfe8e4f98a6c55dc84f6c28e5b63b97553c9d7ee2df589ed8bf6ee5dfe1d7ee1bc1b35dbbebfe493e6297f39ff00649f314d87fac4f6c5fb772eff000ebf70f589ed8bf6ee5dfe1d7ee1bc1b35e4d7aa5bbc93e6292b5fff0063fe629b1387906ed5dcc45933165f6bba92997ee24f585ed4fdf2601fc2afdc378366bb1b27fdaff98a5e92227f75ff00314d8749c82f6aa8def331e5f55eda65fb8c17f212db1a3bbdc732e2a76d3afdc37836780124455beebfe6292e138ce23947184c5f0657f3ca9bb3d2b9abb950dea5ed3df1eb13db27edbcb9fc3afdc3d625b64fdb796ff875fb86f06cf11635933276daa1754d04898163ea979282a5bcda2bba77554ea5cc5c9d735606f7ee51493c68bdeb989bcd5f8d0d9163ddce8da8668891988e29975ee627792c70b9b2317ad1510c6c37b9cfb68c151aca2cf942b137448e76b9e89f29af465abd7ecc730c4e56ba8b7553a154a7e2cf307ea7f5a9b5e8f908eda9189cee64cbf2bbad605fb8913909ed953ff7ecbdf40bf718e8353bf8b3cc1fa9fd6a3f167983f53fad4db1fac536cbfb7b2f7d02fdc3d629b65fdbd97be817ee1d06a73f167983f53fad47e2cf307ea7f5a9b63f58a6d97f6f65efa05fb87ac536cbfb7b2f7d02fdc3a0d4e7e2cf307ea7f5a8fc59e60fd4feb536c89c8536c7d38f65efa05fb87ac536c7fb7f2f7d02fdc3a0d4dfe2cf307ea7f5a8fc59e60fd4feb536cbeb13db1fedfcbdf40bf71970720ddac39bf9cccb80b57a92997ee1d06a3ff167983f53fad47e2cf307ea7f5a9b74f5866d53df3e05fc32fdc179066d52cb6ccf812af932fdc3a0d45fe2cf307ea7f5a8fc59e61fd4feb36ccee427b6247aeee3f9795bd17817ee1eb14db1fedecbdf40bf70e83531f8b5cc1fa9fd63f16b983f53facdb37ac4f6c7fb7b2efd02fdc53d625b63fdbd977e817ee03535f8b5cc1fa9fd63f16b983f53facdb7fac3f6b2a91ffea2c012fecbf9bae9f514f587ed655aff00fd47806f22f7bfcdd75fa8741a91fc5ae60fd4feb1f8b5cc1fa9fd66dbfd61db5947b7ff0051e01baa9aafa9974fa8a2f210dad246aa99870057f422d3afdc3a0d48fe2d7305ec944aa72b84ec473662d335916192eebbfbcd6aaa1b5667212daf2b911d9872fb13fccda75ba7d473782f73db3cd7bd131dda1b292155ef9b86d2a22dbc2a3a0d7464de4d94596f7311ce35b1d3c6d5ba52b5dbcf7f62221ed7e4e5c96319db5d550d462b854b95f66f44e6be1a691aac9b11b2dd2e9c51abdbc4f57ecc390eece76775b162355492e65c5e35ba55e2aee76cbd68d5d10f42414d1d344d8e263638da966b5a964443031b06c1e9300c329b0fa08194d474d1a471451a59ad6a259110ce000000000000000000000000000000000000000000000000000000000000000000000000000000014b150052c5400000000000000000000000000000000000000000000000000000000000000050a80000000002962a00000000000000000000000000000000000000000000000000000000000000000000000000000000000000000000000000000000000000000000000000000000000000000000000000000000000000000000000000000000000000000000000000000000000000000000000000000000000000000000000000000000000000000000000000000000000000000000000000000000000000000000000000000000000000000000000000000000000000000000000000000000000000000000000000000000000000000000000000000000000000000000000000000000000000000000000000000000000000000000000000000000000000000000000000000000000000000000000000000000000000000000000000000000000000000000000000000000000000000000000000000000000000000000000000000000000000000000000000000000000000000000000000000000000000000000000000000000000000000000000000000000000000000000000000000000000000000000000000000000000000000000000000000000000000000000000000000000000000000000000000000000000000000000001fffd9, '74990');
INSERT INTO `products` (`id`, `brand_id`, `category_id`, `sub_category_id`, `name`, `specs`, `status`, `date_created`, `phonePic`, `price`) VALUES
(2, 9, 1, 0, 'Apple iPhone 14 128GB', '<h1 style=\\\"text-align: left; margin-bottom: 1em; line-height: 1.043em; font-size: 1.643em; color: rgb(51, 62, 72); font-family: Inter, \\\" open=\\\"\\\" sans\\\",=\\\"\\\" helveticaneue-light,=\\\"\\\" \\\"helvetica=\\\"\\\" neue=\\\"\\\" light\\\",=\\\"\\\" neue\\\",=\\\"\\\" helvetica,=\\\"\\\" arial,=\\\"\\\" \\\"lucida=\\\"\\\" grande\\\",=\\\"\\\" sans-serif;=\\\"\\\" letter-spacing:=\\\"\\\" -0.14px;\\\"=\\\"\\\"><span style=\\\"color: rgb(209, 213, 219);\\\" segoe=\\\"\\\" ui\\\",=\\\"\\\" roboto,=\\\"\\\" ubuntu,=\\\"\\\" cantarell,=\\\"\\\" \\\"noto=\\\"\\\" sans\\\",=\\\"\\\" sans-serif,=\\\"\\\" \\\"helvetica=\\\"\\\" neue\\\",=\\\"\\\" arial,=\\\"\\\" \\\"apple=\\\"\\\" color=\\\"\\\" emoji\\\",=\\\"\\\" \\\"segoe=\\\"\\\" ui=\\\"\\\" symbol\\\",=\\\"\\\" emoji\\\";=\\\"\\\" font-size:=\\\"\\\" 16px;=\\\"\\\" white-space-collapse:=\\\"\\\" preserve;\\\"=\\\"\\\"><span style=\\\"\\\" segoe=\\\"\\\" ui\\\",=\\\"\\\" roboto,=\\\"\\\" ubuntu,=\\\"\\\" cantarell,=\\\"\\\" \\\"noto=\\\"\\\" sans\\\",=\\\"\\\" sans-serif,=\\\"\\\" \\\"helvetica=\\\"\\\" neue\\\",=\\\"\\\" arial,=\\\"\\\" \\\"apple=\\\"\\\" color=\\\"\\\" emoji\\\",=\\\"\\\" \\\"segoe=\\\"\\\" ui=\\\"\\\" symbol\\\",=\\\"\\\" emoji\\\";=\\\"\\\" font-size:=\\\"\\\" 16px;=\\\"\\\" white-space-collapse:=\\\"\\\" preserve;\\\"=\\\"\\\"><div style=\\\"\\\"><div style=\\\"font-family: Söhne, ui-sans-serif, system-ui, -apple-system, &quot;Segoe UI&quot;, Roboto, Ubuntu, Cantarell, &quot;Noto Sans&quot;, sans-serif, &quot;Helvetica Neue&quot;, Arial, &quot;Apple Color Emoji&quot;, &quot;Segoe UI Emoji&quot;, &quot;Segoe UI Symbol&quot;, &quot;Noto Color Emoji&quot;; font-size: 16px; white-space-collapse: preserve;\\\">Processor: Octa-core Snapdragon 765G</div><div style=\\\"font-family: Söhne, ui-sans-serif, system-ui, -apple-system, &quot;Segoe UI&quot;, Roboto, Ubuntu, Cantarell, &quot;Noto Sans&quot;, sans-serif, &quot;Helvetica Neue&quot;, Arial, &quot;Apple Color Emoji&quot;, &quot;Segoe UI Emoji&quot;, &quot;Segoe UI Symbol&quot;, &quot;Noto Color Emoji&quot;; font-size: 16px; white-space-collapse: preserve;\\\">RAM: 6GB</div><div style=\\\"font-family: Söhne, ui-sans-serif, system-ui, -apple-system, &quot;Segoe UI&quot;, Roboto, Ubuntu, Cantarell, &quot;Noto Sans&quot;, sans-serif, &quot;Helvetica Neue&quot;, Arial, &quot;Apple Color Emoji&quot;, &quot;Segoe UI Emoji&quot;, &quot;Segoe UI Symbol&quot;, &quot;Noto Color Emoji&quot;; font-size: 16px; white-space-collapse: preserve;\\\">Storage: 128GB (Expandable up to 256GB via microSD)</div><div style=\\\"font-family: Söhne, ui-sans-serif, system-ui, -apple-system, &quot;Segoe UI&quot;, Roboto, Ubuntu, Cantarell, &quot;Noto Sans&quot;, sans-serif, &quot;Helvetica Neue&quot;, Arial, &quot;Apple Color Emoji&quot;, &quot;Segoe UI Emoji&quot;, &quot;Segoe UI Symbol&quot;, &quot;Noto Color Emoji&quot;; font-size: 16px; white-space-collapse: preserve;\\\">Display: 6.5-inch Super AMOLED, Full HD+ (1080 x 2400 pixels)</div><div style=\\\"font-family: Söhne, ui-sans-serif, system-ui, -apple-system, &quot;Segoe UI&quot;, Roboto, Ubuntu, Cantarell, &quot;Noto Sans&quot;, sans-serif, &quot;Helvetica Neue&quot;, Arial, &quot;Apple Color Emoji&quot;, &quot;Segoe UI Emoji&quot;, &quot;Segoe UI Symbol&quot;, &quot;Noto Color Emoji&quot;; font-size: 16px; white-space-collapse: preserve;\\\">Primary Camera:</div><div style=\\\"font-family: Söhne, ui-sans-serif, system-ui, -apple-system, &quot;Segoe UI&quot;, Roboto, Ubuntu, Cantarell, &quot;Noto Sans&quot;, sans-serif, &quot;Helvetica Neue&quot;, Arial, &quot;Apple Color Emoji&quot;, &quot;Segoe UI Emoji&quot;, &quot;Segoe UI Symbol&quot;, &quot;Noto Color Emoji&quot;; font-size: 16px; white-space-collapse: preserve;\\\">48MP wide sensor, f/1.8 aperture, OIS</div><div style=\\\"font-family: Söhne, ui-sans-serif, system-ui, -apple-system, &quot;Segoe UI&quot;, Roboto, Ubuntu, Cantarell, &quot;Noto Sans&quot;, sans-serif, &quot;Helvetica Neue&quot;, Arial, &quot;Apple Color Emoji&quot;, &quot;Segoe UI Emoji&quot;, &quot;Segoe UI Symbol&quot;, &quot;Noto Color Emoji&quot;; font-size: 16px; white-space-collapse: preserve;\\\">8MP ultra-wide sensor, f/2.2 aperture</div><div style=\\\"font-family: Söhne, ui-sans-serif, system-ui, -apple-system, &quot;Segoe UI&quot;, Roboto, Ubuntu, Cantarell, &quot;Noto Sans&quot;, sans-serif, &quot;Helvetica Neue&quot;, Arial, &quot;Apple Color Emoji&quot;, &quot;Segoe UI Emoji&quot;, &quot;Segoe UI Symbol&quot;, &quot;Noto Color Emoji&quot;; font-size: 16px; white-space-collapse: preserve;\\\">2MP depth sensor, f/2.4 aperture</div><div style=\\\"font-family: Söhne, ui-sans-serif, system-ui, -apple-system, &quot;Segoe UI&quot;, Roboto, Ubuntu, Cantarell, &quot;Noto Sans&quot;, sans-serif, &quot;Helvetica Neue&quot;, Arial, &quot;Apple Color Emoji&quot;, &quot;Segoe UI Emoji&quot;, &quot;Segoe UI Symbol&quot;, &quot;Noto Color Emoji&quot;; font-size: 16px; white-space-collapse: preserve;\\\">Front Camera:</div><div style=\\\"font-family: Söhne, ui-sans-serif, system-ui, -apple-system, &quot;Segoe UI&quot;, Roboto, Ubuntu, Cantarell, &quot;Noto Sans&quot;, sans-serif, &quot;Helvetica Neue&quot;, Arial, &quot;Apple Color Emoji&quot;, &quot;Segoe UI Emoji&quot;, &quot;Segoe UI Symbol&quot;, &quot;Noto Color Emoji&quot;; font-size: 16px; white-space-collapse: preserve;\\\">20MP sensor, f/2.0 aperture</div><div style=\\\"font-family: Söhne, ui-sans-serif, system-ui, -apple-system, &quot;Segoe UI&quot;, Roboto, Ubuntu, Cantarell, &quot;Noto Sans&quot;, sans-serif, &quot;Helvetica Neue&quot;, Arial, &quot;Apple Color Emoji&quot;, &quot;Segoe UI Emoji&quot;, &quot;Segoe UI Symbol&quot;, &quot;Noto Color Emoji&quot;; font-size: 16px; white-space-collapse: preserve;\\\">Battery Capacity: 4,500 mAh</div><div style=\\\"font-family: Söhne, ui-sans-serif, system-ui, -apple-system, &quot;Segoe UI&quot;, Roboto, Ubuntu, Cantarell, &quot;Noto Sans&quot;, sans-serif, &quot;Helvetica Neue&quot;, Arial, &quot;Apple Color Emoji&quot;, &quot;Segoe UI Emoji&quot;, &quot;Segoe UI Symbol&quot;, &quot;Noto Color Emoji&quot;; font-size: 16px; white-space-collapse: preserve;\\\">Operating System: Android 11 with TechOS skin</div><div style=\\\"font-family: Söhne, ui-sans-serif, system-ui, -apple-system, &quot;Segoe UI&quot;, Roboto, Ubuntu, Cantarell, &quot;Noto Sans&quot;, sans-serif, &quot;Helvetica Neue&quot;, Arial, &quot;Apple Color Emoji&quot;, &quot;Segoe UI Emoji&quot;, &quot;Segoe UI Symbol&quot;, &quot;Noto Color Emoji&quot;; font-size: 16px; white-space-collapse: preserve;\\\">Connectivity: 5G, Wi-Fi 802.11ac, Bluetooth 5.0, NFC</div><div style=\\\"font-family: Söhne, ui-sans-serif, system-ui, -apple-system, &quot;Segoe UI&quot;, Roboto, Ubuntu, Cantarell, &quot;Noto Sans&quot;, sans-serif, &quot;Helvetica Neue&quot;, Arial, &quot;Apple Color Emoji&quot;, &quot;Segoe UI Emoji&quot;, &quot;Segoe UI Symbol&quot;, &quot;Noto Color Emoji&quot;; font-size: 16px; white-space-collapse: preserve;\\\">Design: Glass front and back, aluminum frame, weight: 180g</div><div style=\\\"font-family: Söhne, ui-sans-serif, system-ui, -apple-system, &quot;Segoe UI&quot;, Roboto, Ubuntu, Cantarell, &quot;Noto Sans&quot;, sans-serif, &quot;Helvetica Neue&quot;, Arial, &quot;Apple Color Emoji&quot;, &quot;Segoe UI Emoji&quot;, &quot;Segoe UI Symbol&quot;, &quot;Noto Color Emoji&quot;; font-size: 16px; white-space-collapse: preserve;\\\">Additional Features: In-display fingerprint sensor, facial recognition, IP68 water and dust resistance, USB-C port, stereo speakers, headphone jack</div></div></span></span></h1>', 1, '2023-08-23 22:23:27', 0xffd8ffe000104a46494600010100000100010000ffdb00840009060710100f12100f100f0f0f100f0f0f0e0f10100f0f0f0d0d1511161615111615181d2820181a271b1615213121262d2b302e30171f3338332d37292d2f2b010a0a0a0e0d0e1810101a2d1d1f1d2b302d2b2d2b2d2d2d2d2b2d2d2d2b2d2d2d2d2d2d2b2d2d2d2e2d372d2d2b2d2d2d2d2d2e2d2b2d2d2d38372b372d2d2d31ffc000110800e100e103012200021101031101ffc4001c0001000105010100000000000000000000000502030406070801ffc4005210000201020205020d0f0a04070000000000010203040511061221516131410713141622527174819193b2d21517253234425355737592a1b1c1d124333562648394a2b3f0236572a343455463c3e1f1ffc4001a010100030101010000000000000000000000010203040506ffc4002711010003000201030207010000000000000001021103120421315113230522416181b1e171ffda000c03010002110311003f00ee20000000000000000000000000000000000000000000000000000000000000000000001818ce2d4ad29f4cacf2db9422b6cea4b724067839dd7d3cb99cb2a3469c23cd9eb55a9e1cb25f696baecc47b5879097a45baca71d241ce3aecc47b587907e91f7aeac47743c84bd21d64c74607375a5f7afdfd1f22fd23ef5db7ddbd1f24fd21d64c7470732bcd38baa30954ab56de108ace529526925f4888b3e88f8c5d2d6b1c3ea5c52cde55e508db529ed6bb173cd3e4dfe044759325d901c97aecd26f8aa97f116fe91f3aedd26f8aa97f116fe913d67e13d2df0eb60e49d76e937c554bcbdbfa43aedd26f8aa9797b7f4874b7c1d2df0eb60e49d76e937c554bcbdbfa43aeed26f8aa97f116fe90e96f83a5be25d6c1c93aedd27f8aa8ff00116fe9153e8838ddb767778349d15b672a338d69463bf286792ee8eb24d2d1fa3ac835fd0ed2fb4c528f4db696d8eca94a5b2a537c57de6c0555000000000000000000000e4fa77883ab7d3839650a39525ba09475ea4df83ec3ac1c374c67f95dff00faae7c5a897d85abee986938e696c9370a69a82f6b4f5b563976d3cbdb3eef83230b0ed238ca4a35e94629bc95487bd6f7c77107769c2aa9496b24d6c7c8f27b63fdef29b9a8aaca2a9c3536659679ed6f3cfb8b326664d96fcd477236cc1345a9d6b6e9ce53536b5a1a8d24b6e5e17b369a459b72518acdbc94571c97fe8cca7a414a8465456252a7179ebc2953ab56926f97b35c9c754b4ada96c3b1392abd26acb5d393842a379ca33cf24b3e78b7b3c44e66691522e1d2e71942a424d4a955a72d6a753565b727bd3e54f268dd54b3facb210b0b158862f6f67576db50a53bdb8a7cd55c67a9084b867abe09bde75b494524924924924b2514b9125cc8e61a0bfa7ee9be5587412ee39d13a55499a71577d5dbe35763554a45a94cc7ab5cc4a97475d78ddd5e371de8838762f3c46bcb52f2b5294dbb774235a74a343de452866a2d2e55b36e6f9cd6fd49c57fe9f12f2575f81dfe5785beade2673e16ceeb09f022677b4b88e1185633d3a1d2696234aaebc7a5d49c6bd3a70dbb5ce525925dd3d170a9bfc397210b0bc2fd3bb2f4f1ba34e2f17e9efaeea62322e4591d4ae0cba750ada985a98d0319a51c2b1eb2bcb75d2e8e2129d1bba71594255535d9e5c89cb5d78549f3b3b41c6fa2d3db8635cbea8c32f123b21c1c91969795cd1979800066c80000000000000000384e99bfcaeffbb73e6c4eec706d367f965fff00aabafe5897a7ba61a156b553e6cf7eccf35c516e958a8edc925bd2493f1185757152a5454e9e7c32e56f9165c7f12d42bd5a2d49ca528b6e2f59eb6693c9edeea274d84cdf5770b7a9aaf26d460dae5516fb2fa889b7a71c9766a3cb9aed76ff006fc24ad4927b1a4e325b63ccd3e623fd4a8b7b2aeac774a12949705972933efa898d4968bd56e95cd3ff0087176f5a2b9a159d450797762df891d228cbb139edaa85382a5493d57253a9396c9d69ad89bdd159bc97166f96f2ec178498f65a16b4265963b77f37d2f3a89bedd5ce473bd179eae3775f37d1fadd166c9885ee59ed3d0f0b8bb577f77a9e147e464dc5e91b5aff008913777fc48baf7fc4f56bc38efed109ea988712d7aa3c4d66a5ff0012d757712dd2159e586df0c4389974710e26930bfe265d1bfe23e9c491c912df2defb892d6b7599a05adff001276c2fb89872707a26d92c4e8a93cde19f38c3ee3b4a385f445abacf0df9c29fdc7744781e4d7af24c3c3f2a33964001839c0000000000000000382e9b433bdbde35eac5f05282599de8e19a4b24efef32da9dccbc3d8c4b53dd30e51734670a9ad0d928bdf93d8f634ff00be42d6a549a84679aa70cd4537b545c9c9c62b9b6b6fc2cde2fb06854dab6330e1a3b93dfc35b22dd53d51517b1162ad56a596de1c7f1367583c7e0e3e52a1723842f8387d3abf89331a6226c68b94b9393272eef347c2fef377b74d4127ca96dee9816764a396796cf6b18aca317bf2e77c599f992422307adab8c5cf1b0a3e2ff08ccc4afb6bda41ceb6a62f59efb0a2bf968bfb8c4c46f76bda7bbf86447d1dfde5dde3f2f5e3c5ebabee246d6bde2475c5d98552e4e8e5e78aab7f265293bce25b776444ab94f4e38a7ca63f5e5391bbe264d1bce26b8abb2ed3b934e3f2a256af3cc36fb6bee24ee1d7fc4d0285d933617bb794efa5a2d0e9a792d974bee35e58777fd3fb8f4323cc18c5d6b56c3e3fb645f8a50fc4f4ec249a4d3cd349a7bd6f3e6ff108ce7b47fcfea1c5e45bb724caa001c4c40000000000000000382638ff002dbaf97979b13bd9c071e7f96dd7cbcbec45a898594ca932ca656a468baf2656996548a948217d32ad62ca91f7580d2f1eb8d4c51b7efade947fd98b5f62226f6e7366469d4dabfcd72aa36aff00d9810b56a67b779e9785e445786d4f89d526d3054aa59948f8d9433939b9a6650a9b3e667c0737691f732b8c8b61135bcc25934ea19f6b739112997e94cf53c4f23d620dc4fab9d7bcb18f6b5e9bfa5523e89eb3b1fcd53f93879a8f1c609535afaddfed1452ee6ba3d8f63f9aa7f270f351e7f97cb1c9cd6b47eb3fe1babe0039800000000000000000e05a51151c46ee2b915c492fa313be9c074b9fb2579df32f3625abee9860a9152916332a5234597d48ad48c7522d5dde4692ce59b6fdac572b0339cd259b6925b5b6f2491542a26934f34d669ae468d7aeb11855825255239493718eabd7e19f378890c3b108d4ec23070d58ac972c5456c4b3e60350d3979de3f91b7faa94510b6eb5bb0f7def38bed498d37f763f91a1fd344014ada6b3aa4ab92cb63d8d6c69f2a652c91a352957ca35a5d2aae5942e1a6e12dcaaa5b786bacdef4f9559c430cad41ae9b0ca32db4ea26a74aac77c26bb192ee326debeb06310006600f864595955ad3d4a34e7527cbab04db4b9e4f72e2f622605945fab1d4593f6d249e5cf18be77c5997529d2b6f7d0af71ba0d4e8507bf5b92a4bb9d8adf2236726db6db6dbcdb7b5b7bcd7bf58c8f72619fa3beecb6ef8a3e7a3d9f4a0a31515c914a2bb896478c3477dd96ddf147fa88f69232000100000000000000000079fb4c1fb2779df32f3627a04f3e6993f64ef7be65e6c4b55308d522a4cb399f7334597932231a6f5e3bb536777379fdc49a9162fedfa64725b24b6c73fad0107993380d68e528e694b5b3eec72ffef8c8f8e1b55acf28ae0e5b5f8b619b8558b83d79ec96d515b1e5bd8435ed35f75fee6dff00a512009ed34f75fee2dffa51204c655099d1dad7d9ca9d9a9d48cb6d5a5a91ab6ed76d52134e196ce5916285b52a4954b94e4da4e9db465ab29aedaa4bde4782daf87294dfe2f5ab45537250a29e71b7a4ba5d08bdfa8b95feb3cdf1246cee8583f77c6c284e5edba86e6e5d45b3b5842b514f82712d3b7d1ef87c53c10b771fa4e29fd469a069adda36f84ad968edeacf952c46e2ee9eddd953a54e1e399158fd7bf8d351ad1546d66fb085ac6942cea3e5d92a3d8547b395b9335e32ec312ad41be9551c54965386c953a8b74e12ce335c1a6353b2c43e92952346e76d38c6debf3d24df49acff00edb7ed25faaf63e66b908b945a7934d34f269ec69ee084868efbb2dbbe28f9e8f691e2dd1df765b77c51f3d1ed200002000000000000000000f3ce9a3f652f7be65e6c4f431e76d367eca5ef7c4bcd896afba6116a454a4594cfa99a2cbd99f532d267dd602f29152996933ee640d4b4cbdd5fb8b7fe9448ab7ca1d9b59b5ed22f6a72ed9ef4bed25b4b62e57692e5746d92f27123ae69e5b3992c97708ad37659dad938c4a93726e526db6f36ded6d949534525661200080000032aacfa64759fe722bb27cf523bdf15f5a3192322de3b517a57b2267191a3beecb6ef8a3e7a3da478cb07a5a97f6eb9baa28b5dc7347b34a4c67a2627400100000000000000000079cf4e1fb2b7bdf12f3627a30f38e9d7e95bdef87e6c4b57dd30874ca932d267d4cd165d4ca948b499f5302ea655ac5a4ca94881118951d7c423fab6d464fc8a5f6b4615f5b6d64fdad1d7c464b758517fcb497de7dc46c76f21d1c51f6ff971dedf731a5d5a2597027ebd918752d0cad56d128ad51aa67cad4f9d4cccfaadac1c8faa2672b57b8bb0b411535834e9123676fb4c8a3644bd858ede437e38657b7a23d5beaded94bb6ad4d7d1a91f48f5d9e5cc5ad756be1f2fdae2bc7283fb8f519973c65e53c33b4800062d400000000000000003ce1a77fa56f7be1f9b13d1e79bf4f1fb2b7bdf0fcd896aa61087d4cb6a454997595e67dcca0017132accb599f73025346286be2557861d43ff00093d7f86f0307a1fd2d6c52b2ff2cb77f5d137dbac3f3e637e2b7e5c70f2c7dcd733b9c33811d570ee0747b9c33811b5b0be0257acb42961fc0a7d4fe06e93c2f816fd4ce0678d35a8470fe05fa7877036a8e17c0caa385f01108996b76d867026ac30cdbc84ddbe19c096b5c3f2e636ace31bfab42d2fb6d49e1eff006ea6bec3d1270de8934355e1bf38533b91cdcd3b66dc119400064d400000000000000003cdba7bfa56f7be1f9913d2479b34f57b2b7bdf2fcd8e5f5645aa98411f73293e96595667d52283e842bccfb996cfa4a5b9742d8e78bd7f9aa87db40ead52dd1cafa133f662b67cbea4d1cbb9af40ec2d11138c2f5d943d5b2e06255c3f81b03a650e8a2fd95ead66786702dfa99c0da1d0453d4eb70ec635b8e19c0c9a7872dc4e2a0b715aa287631174ac91974ed96e33234cad4489b1d5cd7a2dd3cbd4cf9c61f623b19c87a31ffcb32e5f546197891d78ced3b2d2b190000aac00000000000000001c07a2ce192a189d4a993d4b98c6ac65cce4a2a325e0c91df887d28d1cb7c428749ae9ec7ad4ea47dbd29f6c9fddce4c4e0f3383a0e25d092fa127d22a50af0cde5ad274a5abcd9ec6b3307d6bb15f82a3e5e25b616d6988fa6e7eb5d8afc1d1f2f03e7ad762bf0747cbc068d341b9fad762bf0747cbc07ad762bf0747cbc09d8117a138c42cf13b6b8acd468d7a1530fad51ec54aa74ce994e527ccbf36b3e127cccef271af5afc53271951a1384d653a72af1ca6b99e7cd25ccd72771b4e530bd15d25b38469da5c7f831494685cbb6af0a71cb646353db64b828ae0555975060e7fd4ba5dfe5fe286dfacfbd49a5dbf0ef1406a31bf0341ea4d2edf8778a07cea4d2edf8778a04e98dfc1a0f526976fc3bc501d49a5dbf0ef140698dfcfa73fea4d2edf8778a0513d1cd29baec2bdf5bd9d26b293b78c14f27cb94a2b596ce74c8d318da61556238ee1f87d1ecd59ce57178e3938c26f55a83e29436afd7e0f2ec66ada0da0f6d855392a59d4af536d6b89ed9d47bbb86d2552000000000000000000000000000000000000000000000000000000000000000000000000000000000000000000000000000000000000000000000000000000000000ffd9, '69990'),
(12, 12, 1, 0, 'mi414444', '<div style=\\\"box-sizing: border-box;\\\">Processor: Octa-core Snapdragon 765G</div><div style=\\\"box-sizing: border-box;\\\">RAM: 6GB</div><div style=\\\"box-sizing: border-box;\\\">Storage: 128GB (Expandable up to 256GB via microSD)</div><div style=\\\"box-sizing: border-box;\\\">Display: 6.5-inch Super AMOLED, Full HD+ (1080 x 2400 pixels)</div><div style=\\\"box-sizing: border-box;\\\">Primary Camera:</div><div style=\\\"box-sizing: border-box;\\\">48MP wide sensor, f/1.8 aperture, OIS</div><div style=\\\"box-sizing: border-box;\\\">8MP ultra-wide sensor, f/2.2 aperture</div><div style=\\\"box-sizing: border-box;\\\">2MP depth sensor, f/2.4 aperture</div><div style=\\\"box-sizing: border-box;\\\">Front Camera:</div><div style=\\\"box-sizing: border-box;\\\">20MP sensor, f/2.0 aperture</div><div style=\\\"box-sizing: border-box;\\\">Battery Capacity: 4,500 mAh</div><div style=\\\"box-sizing: border-box;\\\">Operating System: Android 11 with TechOS skin</div><div style=\\\"box-sizing: border-box;\\\">Connectivity: 5G, Wi-Fi 802.11ac, Bluetooth 5.0, NFC</div><div style=\\\"box-sizing: border-box;\\\">Design: Glass front and back, aluminum frame, weight: 180g</div><p><span style=\\\"font-weight: bolder; color: rgb(209, 213, 219); font-family: Söhne, ui-sans-serif, system-ui, -apple-system, &quot;Segoe UI&quot;, Roboto, Ubuntu, Cantarell, &quot;Noto Sans&quot;, sans-serif, &quot;Helvetica Neue&quot;, Arial, &quot;Apple Color Emoji&quot;, &quot;Segoe UI Emoji&quot;, &quot;Segoe UI Symbol&quot;, &quot;Noto Color Emoji&quot;; font-size: 16px; white-space-collapse: preserve;\\\"></span></p><div style=\\\"box-sizing: border-box;\\\">Additional Features: In-display fingerprint sensor, facial recognition, IP68 water and dust resistance, USB-C port, stereo speakers, headphone jack</div>', 1, '2023-08-26 22:37:16', NULL, NULL),
(13, 13, 1, 0, 'oppo-f2', '<div style=\\\"box-sizing: border-box;\\\">Processor: Octa-core Snapdragon 765G</div><div style=\\\"box-sizing: border-box;\\\">RAM: 6GB</div><div style=\\\"box-sizing: border-box;\\\">Storage: 128GB (Expandable up to 256GB via microSD)</div><div style=\\\"box-sizing: border-box;\\\">Display: 6.5-inch Super AMOLED, Full HD+ (1080 x 2400 pixels)</div><div style=\\\"box-sizing: border-box;\\\">Primary Camera:</div><div style=\\\"box-sizing: border-box;\\\">48MP wide sensor, f/1.8 aperture, OIS</div><div style=\\\"box-sizing: border-box;\\\">8MP ultra-wide sensor, f/2.2 aperture</div><div style=\\\"box-sizing: border-box;\\\">2MP depth sensor, f/2.4 aperture</div><div style=\\\"box-sizing: border-box;\\\">Front Camera:</div><div style=\\\"box-sizing: border-box;\\\">20MP sensor, f/2.0 aperture</div><div style=\\\"box-sizing: border-box;\\\">Battery Capacity: 4,500 mAh</div><div style=\\\"box-sizing: border-box;\\\">Operating System: Android 11 with TechOS skin</div><div style=\\\"box-sizing: border-box;\\\">Connectivity: 5G, Wi-Fi 802.11ac, Bluetooth 5.0, NFC</div><div style=\\\"box-sizing: border-box;\\\">Design: Glass front and back, aluminum frame, weight: 180g</div><p><span style=\\\"font-weight: bolder; color: rgb(209, 213, 219); font-family: Söhne, ui-sans-serif, system-ui, -apple-system, &quot;Segoe UI&quot;, Roboto, Ubuntu, Cantarell, &quot;Noto Sans&quot;, sans-serif, &quot;Helvetica Neue&quot;, Arial, &quot;Apple Color Emoji&quot;, &quot;Segoe UI Emoji&quot;, &quot;Segoe UI Symbol&quot;, &quot;Noto Color Emoji&quot;; font-size: 16px; white-space-collapse: preserve;\\\"></span></p><div style=\\\"box-sizing: border-box;\\\">Additional Features: In-display fingerprint sensor, facial recognition, IP68 water and dust resistance, USB-C port, stereo speakers, headphone jack</div>', 1, '2023-08-26 22:42:09', 0xffd8ffe000104a46494600010100000100010000ffdb0084000a070816151218151512181818181a1a1818181818181818191818181a1a181818181c212e251c1e2b2118182638262b2f313535351a243b403b343f2e373531010c0c0c100f101e12121e342b24243135343434343436343436313434343434343434343434343434343434313434343434343431343431343434343434343434ffc000110800e000e103012200021101031101ffc4001c0000010501010100000000000000000000030001020405060708ffc4004a1000020102030307060a050c03010000000102000311041221053141060751617173b21322323581913334525392a1b1b3c1d114254293f01624434454627294a2d2e1f115236382ffc400190101000301010000000000000000000000000203040105ffc4001f1101010002010501010000000000000000000102110312132131510441ffda000c03010002110311003f00f4be50f2829e11017bb3b7a28b604db7924fa2bd7f6ce0719ce0629cf9829d35e1652ec3b598d8fd112972df165f1d56e744608bd411469f48b1f6cc0bc0dba9cacc736fc538ec5a4bf653807e5162cefc5d6f63e5f08132898af02fb6dbc49feb75ff007d53f06823b5b11fdaabfefeb7fbe54bc6245bae05affc9e249b0c45727a056ac4f8e44ed6c48feb35ff007f5bfdf2863aa38a6a1330199b3b2920ee191588dcbe91e827b249198d342f7cdad89f48a69949bf5e6b1e8812da7ca5c551a79d7135ae582806b57b6a09f9cea9989ce16347f4d53f7d5bf17303b7dd6e88ec42d99bcddf7d02fb3d29cfe24203e61622dfb56bde075e9ce66307f4b53f797f12996e873ad8d53ad4723afc937db4ff0019c5ecb4a45ed59b2ad8eb6275d3802385f88956b85ced94dc5ce53d57d3ea81ebfb239e17cc0564461d254d36fa40b2fbd476cf55d89b629e2a90a9489b6e653a32b5af948f68371a10749f23cf62e6476837946a649ca5196ddd9464f70771d9681eb1b6f6bd2c2506af59b2a2f55cb13a0551c493c27976d1e74b13509fd1a8a524e06a0351c8e0742154f579ddb09cf4e24be230987bf9b95ea91c0b121549ec01be919cf50a2a8a34813afcb3da6e7e36ebd4b4e8a8f05feb95db94bb41b7e32bfb1c2f8408d52a409a901db6c638efc662bf7f507d8d0471f8be38bc57f99aff00ef92f2b1bca4081c662bfb5627fccd6ff7c6fd3315fdab13fe66b7fbe4f3c59e047f4fc58feb78aff335ff00df2f6cbe52e368540e2b55a834ba55ab51d480c0dac5b4bdadd84ca7e523794817f19cacc7bd467188aa998df223908bc2caa6f20bcb3da0bbb1b57dab49bc48652f2906cf03a1c1f39d8e4233bd2a83887a7958f6142b63ec33d1b91dcb9a38e269e5f255d45cd32730651bda9bd86602e2e0804745b59e098e10fc97c7351c661aaa9b14ac80f5abb6471ed5661ed81f51c51ad140f10e551fe795fbd7fb44c8cd3679462fb46a03b8d7208e9bb8d27455f65503aad041bf4ca3dbc24b1c6e48659cc7db83cd1b34ee1b66d02ba5141bf5ca2fa6b26bb370ec01f20835b119068775bb24fb550efcf8e08bc8979df55d954378a09d6328e8ec951b675107e050f1f446a3f38ed53bd3e38c5aa54dd5883d20907ea916a849b9373d27533b56d99448b0a49d20851b8f0ed1f8199d8ad9c9e90a4a2d6040516b98ed5fa77e7c799f286ae6ae47c9555fab31fb665da76b5b0f4fca1634d0ab13a9506c2e403f5475c1520d63493daa3d837497632fae5fd18fc71368ad3d6f65f27a9d5a6d53f46a79459198a28019995572e9bee413d57e900ec53e4b50540cd85a04aea4655375d3ab5df6bf5df75af1bc7afec46fe9926f55e1969ea5cc8fc687655f0d39d6ed1e4ae1692d4070d449547752298dd95bab7823eb9c97325f1a1d957c34e576696f172f737e35a6a73bfeb3c37707ef0cc76dd35f9dff0059e1bb83f78d31db74e2c52a904616a6f82301a3478d034307b2cba79477088490a7297772be9644b8b80742c4817d2e482205a9516a9e469d726a9b654a94c53ce4dec88eaeea5cdb456cb7b800926d2de271d94a29195452a5941dd6f26a58fb5cb93d64ce0f6c5657a85d4eac6fbad616d06f3bac3581d2da296b693b3556675cae42171ffd0a2f9427acbe73ed9560283792322f03371901b2be169f7b4fc6b0f8de301b2be169f7b4fc6b03eb18a28a0787f294db68d43ffdcf8c4eb69d5075e074ec3d3390e54fac2a77cde313a0a7572920ee3a1fc0f64bf8a7b66e7f7165f46b70fc77dbdbf848f94cac4fb1bb38189cdf42751f58b5fde3f8dd02cfa5f88f711ff5f6896a895698ea4f57bc7f06071097d07ff9ecdf690a6fb85edbc2df8751f7c986d2c7a6dd9d5f588480a2fe6db76ba5b8747e3078a1e63b710351c0efff00bf6c96205b51c7461d23a7b7580c4d5b29ebd01ea37fb2c61cb5c7d7a2069bd4ea0f5daff98f646a6732953bd7775a8fca6b6330da9f927dc37106dd7d1db331a95b76f5ddecfe3f8bc96d5b5b67629c00a5db268ae998e520d886cb7b5ee77db7ceaf046d6278dfaeea40b7bb77b44e2b06da83c00d47bb4ecd491ec9d66c5a84f984f9c3ce43c0adad97f0f6754af2a8e51ab8907c9550c49229bb0b9bdc146cc05f84e17992f8d7b2af869cf41c5266a0edc453a8474db2b5c768d7dd3cf79946b6285f8f951edca933e5775abf24d4ad3e77fd6586ee0fde198edba6c73ba7f5961bb93f784fe2263b6e916b51a9be0cc254df0460345118d7806a852a20a7543596e11d080e818dd975043a1249ca6c4126c45cdea60f66e1e8b0750d55d4dd7ca0544561e8928a5b39075b120748234865b5c5ef6b8bdb7db8dafc6d34f6fae18544fd10b14c833e6cde9f566d774e6fce865bb924b124924924ea4926e49ebbc68a29d11916922641a06763203657c2d3ef69f8d61f1901b2fe169f7b4fef1607d63145140f0be551fd6157be6f189b2cf7ed1f581ba62f2b0feb0abdf37884d42fc41d78767e734707f597f47b8b94aadc5afd6a7b3876c4e78f1fb3abb0ca45c0f6fd46f2c23dc75db51d379758cf2a6ef71fdd3bfa46eddd1c2492a5fcd6dfbefd237de033f46a0fd606ff00688cc7758eef44fe1fc7448daeed68eb7b9d7703d3ade62ed57c9941f44dc9ea238fd73583e65e8237f5124fd533769267247155171dbd1d63f09cd995f064b321436b1d6e3b343d9a4ce6c39bdb88d2ff0098e36d4fbe4f075729c8db8df29ea3c26bf91cea3aafaf13c0dfae42e5a4631106525d46a2d9d7a45ffe6fed9bd80d0a329d3420f46b6d7d96f6dba4ca5569d9b3db768c3a6e48cc3a88d7b6686068d9ca1d5585d7eab8d3b3490cb21d4d520e1ea11c69d4d3a1b21bfbff00113cd3997f8d2f6d4f024f40a7549c3d5bf1a750376846b1eaff0083380e65be34bdb53c292a976d7f9fd56a73bbeb3c3f74de21325b74d6e773d6787ee8f8c4c96dd0d0a3537c1184a906603468a280d1446280a28a44c0690693906819f8ce32becb3ffb69f7b4fc6b0f8c80d97f0b4fbda7e3581f594514503c2395e7f5855ef9bc425ca4f63fc69d72a72b1336d175f955c8d741ab81ac2d6a6c8ec8e2cca4820f4897f15d6d97f47b8b2c779f7ffc49e1c33385556626f94282c4ef24580bca88fa5afd9d7d53552a1a782665254d5ab90953639129836b8e96617ec9665933e3377c9ab2321f391949deaca54db81b3766fe3161f0eec484a6cc2dfb2acd6be97f34690fb3aa9a985aeae4b1a592a2126f6ccc5580bf022da748bc9ed5a85128d342550d24a9a1b5ddeeccc6dbf82f55a42e57d27d324dff001499594ea08234208b1d37820f194eb54cce5d4f16b1ecfd93fc6ebcdcc6552f470f51dacc4ba3b9b9baa329563c58806dd272cc2a55ff0047aeef4ca3a8ba5d9341a8cb5515b73745ee35e323d48e53ca38dc2de9abe5214dcdc8b588b6aa788e371d7edb5b2599cad30ac585882aa59992f6cd6035b5fdd34b6a5767a386a8cc5895ac5893e90157dd7b0ddc253ad8a09875a548ba9662cec0819828b534d35ca3536dd790cb235255bdaf485352cca548be8c0a920ea40bf020687a672c794ccc7251a40aab660ed7f6d80b5bb499abb671ccfb31b393ad645a77bdee15bcae5beb940cb7e19a56d91b35170a8c4290f9813a9b1248b937b5c0bf4703acaee524dd733b309bfabf86e530f26cb5502674a8b9d1afe765370ea45d75b5b7cc4e65be34bdb53c291f12a529d54caad9d5d4337a5e6ee6001b29516ddc0f445ccb2df143abca9f66548c6cbe9a3f2e5d58d69f3b9eb2c3f747c4264b6e9afceeafeb3c375d127fd76fc263b6e9d6a51a9be0cc25482680c63478a03451450148c51a0290692916819d8c80d97f0b4fbda7e3587c6406cbf85a7ded3f1ac0faca28a281e07cb4f8fd6ef5fc426a612bfe94829b9fe7082c8c7fa5403d063f2c0dc788ebdf99cb4f5854ef5fc62355a041cca4820dc106c411a820f03278b3f374f895326c6c74237df819b29e7600db534eb967b6f09510057ea19948807231499858625079ea05856503d341f2c01aafb47551c0e26aa3de933abd88f301248dec0a81a8d2e4116d24ee4a27cad7d9af93078976365714e9d33f29b31660bfe102e64709b54145a5528ad5cba20cccb50026f94153765bf0e173aca388c557ac4172ee40b005491e90072a816073686c37e9be4f0f8ac4524608d51149bb10197fba2ed6b8d45b7ef1691b4b7f8d7e51d722952a4caaac81894516543508c896df7ca0137d6efacc24537b11e783a5c6fca75420f1eaea90af8a74c848704bdc1b1cd9d4ef53f2b37d7d733f1388c4d7a997255b92599ca3e6241b36b6d2c743d1a0ea90b51be6daeaeab05c361001e6e5ae49e826b1fc491ed83a38107333b64a4a0176e8cc3d14bfa4cc777b6fa0d70293e210aa54a8e1173db32175404b17cc1ada121893736bf5113a0e4f6d4c428f20f9e99cc0004328cd6dd7238dc75caf2bfd378dcb758bca0afe548b00a8ab969a037555bdfdac4eacdbc937ec272636806a670ef6ba6674e9d4ebaf6eeedea9d06d06c4b66a4d55992a79b663b8dfd13a757be711b4703530d53ca203607a0e96bdc11ef95e594ca69ce4c7ae6b7e5b1b4d2f4dc1b96457f7653e75cdf8f1d3ea9579966b62875f951fe94956a6d31591ac6c72b697fee90788e8bcb1ccc1fe76bdb53c0925c32c976bbf1e371c6edadceeb7eb3c3755123fd77fc663bee9adcee1fd6787ee8f884c96dd2d6c50a9be0cc25483301a345140631e29180a3451406320d26641a067e338c06cbf85a7ded3f1ac36320765fc2d2ef69f8d607d65145140f02e5a1fd6353be6f18965d3a255e5b1fd62fdf378c4b8c64b1ac9fa6f980ab1560ca4ab29bab0d082350419a35a9fe90a6a53016baa9ce800b3a90433a0e9b1375f6899ee6452a323064620837041d41ea8cb253290da957e71afa6f0b7167ce00245c0cdad87401b8010a9b4ea717d6f7f4537924dc69d2cdef237132c54a298ad56d4f11c5372553bee9c039f93c78740c5dc482082378b6a0c8f56d3ded1da78e72e097b9539958817562c093bb792ab7e9f7cd3e45639daaba3d424056cba296059f39fef35dcdf526dacc4ac3331fe2f6d254c3625a8d50ebff163bc112bcadb2c88dddc6c9eddbed1a8e032e7de19492a8d981524ab684589b8b93d27a61760e32a57c52d0af5495657526ca0e74f391ae0700342771d35dc69a62d2aa5f72b0f37540c092410df9e82c3b250ad5f2540eade7a90412c4ebfde240f7f6ccd8f259e2b2f1f2658e5e5e914f0c4822a599fd12c3d16005c3af0d432fbe117048e195d41206fb6f1d23af4324d5095a6d71629448dd7b9472dd80d907b0cb949732dd7422d7bfb7cdec95f278cb51bfa66dcbe3f915847a752aad36475472c29b6556210fec9040bf55a71bcc90fe763b2af8127ad6357ff0045523e6defda118113c97991f8d8ecabe1a735705b71f2bf8e6a3539dff5961bb83f7866336e9b3ceffacf0ddc1fbc698adba5eb145f7c1184a9be0cc068a28a0291314630146bc78d01190693836819f8b81d97f0b4bbda7e3586c5c0ecbf85a7ded3f1ac0faca28a281f3ff2dfd6353be6f189659e55e5c7ac9fbe6f18962a2de72d65fd1ee11320c9d1224da2cd216a8d6836a841bea0837041b1046e208dd34c94c56f2a988e0da04ac7a1b82bf5ee6eddf9ed2b6213cd36e8fb7490b93b154ab2b957055d4d994e841beb235b0b984d34c52e25569d76095545a9576dcc3853ac7a3a1f871d35025a6c8ed4ea29575362a778eb1f6c85ceb9e71f319583c63d16b1dc7ddc2df5d8fb269d4c6875b58756ebeb73636b1b8d07e52fa6cc4aaa430e00f68e2578df71b76c07f24ea06b2554cbbd7366d6dd1606f6b9f748659617cdf14b31cbcff5daf27b681ab443104aa251a2e6c41ce884923b2e9eddd374ed15a6b9dd85ac0b75a927291d638ccde4ee0168617c9df35b31736b67cdae6b70b680750eb9c5f2bb68328297dda0f79133eee79f85b2d9a2e50f2b2b626a3d3a2ec94acd9829b33d81bdd86b6b5858747182e64be37ecabe14993c9ea400726fe83db77c86dfa7f06d35b993f8dfb2af8526ee0b25b27f1770e5bb67c69f3bfeb3c37707ef1a62bee9b5ceff00acf0ddc1fbc6988dba5eb946a6f83309537c1180a318f1408c68a280a318a230141b49c83c0cfc6406cbf85a5ded3f1ac362e0b65fc2d2ef69f8d607d65145140f9f39747f593f7ade312d670653e5e7ac9fbd6f189274b1d0c866cdcf37a1da0987448ad5e0612e0ee94dcb4cfad041a0f10fa01d70acb29e241b8fe37ffd485cb71d4585f7cbf87c4ad455a559b29516a35cef4e84a878d3e83bd3b37672b493090a37304ec8e51c65743a8d3a3d25eab0e1bc19d2d1b12381d6fdb63671d5a5cf609c760f141c2d2a8e15974a3549b64e8a6edf20f03fb07fbbbb6b67e34ab14752ae86c5771047a57eab7d46e266e4951b8e9d361aa102dc6f6eab11a8ec3f8ce079674bcecc371d7f39ded25cea6dbf7dba0d80cbd60d891db39fe536ce2f4db4d45eff008c870e5ace54e5d69c9ecb7029b9b8f41b4e27cdb036b1bffdcd6e64fe37ecabe149cfe01ec8c3a035fdc66ff327f1bf655f0a4f57866adabf826ad69f3c1eb2c37707ef0cc46dd36f9e0f5961bb83f7866254dd2e68527df02612a41980a44c463180a28a3405118a340506d0906d033f1703b2fe16977b4fc6b0d8b81d95f0d4fbda7e3581f59c514503e79e5f7ac9fbd6f188ee48eb91e5f9fd64fdebf8c49b994f2dd699f9ff0088def226e222b225c8df29b92982ad6bef81a9bcc6b5e55ce4195d9f0e919d20c9b42ab82222bd321bb3da21b6b343058b6a9969b3015500145f717b580a2e789b6884eeb65d6e00ce65b75c13ade7752a71e89c9bc607001d0db2b2ea2c4e816dd17f7116e89d06d0c3074ce06b6f38748dc4fb38cf3bd91b4999835fff0072fa63e7906acd6e2e00d7a40cdbc133d176563454a6181e06fc78f1e9de2fdb32e58f4e4e49ee5792ed9c2f90aee372b2b15f719a9cc97c687655f0d39d272e760e7a2eea3550cc34dd61a8faa737cc8fc6c7655f0d39ea7e6cbab068e1f55a9cf07acb0ddc1fbc3312a6e9b7cf07acb0ddc1fbc330ea6e9a1728d483847df04603468f18980a3459874c6cc3a60398d166eb8a0348349c8340cec5c16cbf86a5ded3f1ac362e07657c353ef69f8d607d67145140f9df9c1f593f7afe3122c48ddac5ce17ac5fbd7f1881cf694f2a9e59bd0ab52f24608107a8c6248eb133551a3b8b03695efd32c330237c11138e2057a2492adb431ad188bf09cf7edd1c1e89074bc10041845a8273567a735f100c5183024329055868411a82275bc9adb195c38d031cb5106e47234751c15ba381cc3a2730dac1d0a8d49f3a8b8dcca77329dea4f0dc083c080784658cca6bfae7b7b462f2b61aaf11e4dc8e8f41bf3f719e63cc97c6c7655f0a4ea363ed60d42a216cc3c93946dc594a30d47ca06e08e0430e22731cc97c6c7655f0d39a3f278c6c69e0bb95a7cf07acb0ddc1fbc330df74dbe787d6586ee0fde19895374d4b945f7c1185a9be08c08de68ec80a0b39ab91d6c117384cd9af98e72ac05870b5cde6749d1a45cd86fdfec103a8c4e351a98095698aea079eed9acac49654a8cb62da01d8748338b50a8cb5d4b817a87cb04351c6fcc7c9967500002c469ef9889b399982ab020dae7765bb051717e92242becf7404e84050c482340cc541237f0e13bb734d0db7b50e6c949d550a0cfe4c008eee09737e235b6fe13122318ce3a506c64e41a067e2e0b65fc352ef69f8d6171703b2be1a977b4fc6b03eb48a28a07ce9ce21fd64fdebf8d6562e0ee87e71bd64fde54f1ac86c9a88b57354b650afa30ba925180be875b90469c3a6d219e3b4329b064d6a1101e505c8d6d736245891c091c0da4f7ca6e3f54d89b80c74368d9adbfdf00dbe116a7032acb1a85c4531a58d98abe52e5b2803424a0d490b7f381524066603a54486240f28d940009bd810c1730b9504684024816e890d23e82912979322341b415cac917063917967638a6b54b56cb90235b3a965cf75b6806ba66dfa49c92bbe296cec5940eb7001572a4ee5629637ea60003d614f037d2e64fe37ecabe14997b6ead33518d20b93c9eb914aae7b366b0234e1d534f991f8d8ecabe1a73470cd6d7f0cd6da7cf0facb0ddc1fbc3312a6e9b7cf0facb0ddc1fbc330df74b9728d43ac1185a87581301440da34460496b1537befd2e49e27a6fd91c62ae2da11bed736e0775fafeb94ddf7b1e17e93602f7ddbb75f78dc0686456a061c47d47f68e9a9d779d3a3a20598a321b8fb7b41b18f018c8349983781431703b2be1a977b4fc6b0d8a81d95f0d4bbda7e3581f5a4514503e71e721adb46a1e8a8e7dcc260b6d13f207bccdde72bd6153fc753c4272978b1cd6d77ff00227e40f798cbb4d81f407bcca45a0ddac0f64e6a1d3174edd3f363e91fca2ffce9f9b1f48fe5316129a124016d481a9006ba6a4e83b4ce74e3f1ce9c7e3546dc3f363e91851ca23f343e91fca12af23f14aa1da9a0426cae6bd0085be4872f62dd0bbcd89dc205792f89f389445086d519ab5155a66f6b5462f656b902c75b9b6fd273b78fc3a31f897f288fcd0fa47f28bf9447e687d23f94c5aa96620d8d891a10469d04684758838ed61f1cede3f1bdfca13f343e91fca47f9407e687d23f94c38a3b78fc3b78fc6e36ddb823c90d411e91e23b276dcc8fc6c7655f0d39e5b3d4b991f8d8ecabe1a725249e9298cc7d34f9e1f5961bb83f78661bee136f9e13facf0ddc1fbc6986fba75d51a9be08c2d4df04603188c462815dd3a771e9b9de7af76f2385c1b69691a76b597776f503bc13c0dae4e96d06b2cc61db780ca2d1e28d018c83499907819f8b82d95f0d4bbda7e3585c5c16caf86a5ded3f1ac0fad228a281f3f73b7b3de9e35dec72b1ce0f5385b1ecccae3b6dd3383067d47ca2e4ed1c6d3cb541045f2badb32df78d410ca78a90419e65b4f9a0a97268d4a6c2ff0029e91fa255c7b8881e504c1620e93d06bf3598c5dd4c9ec7a2df6baca15b9b6c6f1a4fec144fd95607092eecbc7bd0ac95a9901d0e65240617b11a8616dc4fe1ace99b9bac58fe8aa7d053f639833cdf62fe6aa7ee9ff0815eb72db14ea15bc995560e8a6923047058f9442c09cf763a9bf0e894f1fca4af591d1cadaa152e4280cd9096517e02e6f6dda0e89a5fc80c5fcd54fdcd4fca21c80c5fcd54fdcd4fca072514ec0737d8bf9aa9fba6fc6d08bcdd62cff4553e820fb5c40e2e29dd273658c3fd154f68a23edad2fe1f9a5c536f423fc552928ff49781e6d3d8b991d98de51aa91e6aa31f6d428107d1473d8c3a659d8dccf1041af529adb785cd59bd8595141ed469e9fb2364d2c35214e92d96f7249bb331deccdc4ffd6e81e63cf760d96ae1710012b67a4c7a1ae1d07b467fa267129b4411a99f43ed5d994b1345a8d640e8c35074d46a194ef56075046e9e65b5b9a77049c3d7461c16b5d180e82ea1837d1103cfdf16bd321fa50e99d4bf3618cd7ff5d3d3a2a8d7ac5c7db694b11cde63105ff4727fc2f4c9f60cd0308e2445fa409a2dc8bc58fea95bd8a0fd8609b9218a1fd5711fbb73f60814ff004811bf4812daf247147761711eda6e3ed11cf23b15fd96bfeedbf2814ff4811bf49136b0dc957c803e0716cfadc847517bf9b605775b7cb94392c40b7fe3712de713e729bdac2ca4e61c41d7a09e362039738a104f8a13b01c8c66b5b666246807c253173c49cce3f0ddbb84361f9bdaac7e235545bf6ab50dfe75cdc543d29c3f64f4c0f3ac457cdba68724767bd7c7e1a92adf356463d488d99cfb1558cf424e6aeb33823c9d14b0be676a8e1ae6f6555008b5bf6a77dc93e4650c0dd92ef558656aac003977e5551a2adc0e926c2e4d8583a7bc51e281ffd9, NULL),
(14, 14, 1, 0, 'real me c2', '<div id=\\\"aps-overview\\\" class=\\\"aps-tab-content aps-flat-content\\\" style=\\\"line-height: 1.5; padding: 0px; margin: 0px; float: left; width: 813px; color: rgb(114, 115, 116); font-family: -apple-system, \\\" .sfnstext-regular\\\",=\\\"\\\" \\\"san=\\\"\\\" francisco\\\",=\\\"\\\" roboto,=\\\"\\\" \\\"segoe=\\\"\\\" ui\\\",=\\\"\\\" \\\"helvetica=\\\"\\\" neue\\\",=\\\"\\\" \\\"lucida=\\\"\\\" grande\\\",=\\\"\\\" sans-serif;=\\\"\\\" font-size:=\\\"\\\" 13px;\\\"=\\\"\\\"><div class=\\\"aps-column\\\" itemprop=\\\"description\\\" style=\\\"line-height: 1.5; padding: 0px; margin: 0px; float: left; width: 813px;\\\"><div style=\\\"box-sizing: border-box;\\\">Processor: Octa-core Snapdragon 765G</div><div style=\\\"box-sizing: border-box;\\\">RAM: 6GB</div><div style=\\\"box-sizing: border-box;\\\">Storage: 128GB (Expandable up to 256GB via microSD)</div><div style=\\\"box-sizing: border-box;\\\">Display: 6.5-inch Super AMOLED, Full HD+ (1080 x 2400 pixels)</div><div style=\\\"box-sizing: border-box;\\\">Primary Camera:</div><div style=\\\"box-sizing: border-box;\\\">48MP wide sensor, f/1.8 aperture, OIS</div><div style=\\\"box-sizing: border-box;\\\">8MP ultra-wide sensor, f/2.2 aperture</div><div style=\\\"box-sizing: border-box;\\\">2MP depth sensor, f/2.4 aperture</div><div style=\\\"box-sizing: border-box;\\\">Front Camera:</div><div style=\\\"box-sizing: border-box;\\\">20MP sensor, f/2.0 aperture</div><div style=\\\"box-sizing: border-box;\\\">Battery Capacity: 4,500 mAh</div><div style=\\\"box-sizing: border-box;\\\">Operating System: Android 11 with TechOS skin</div><div style=\\\"box-sizing: border-box;\\\">Connectivity: 5G, Wi-Fi 802.11ac, Bluetooth 5.0, NFC</div><div style=\\\"box-sizing: border-box;\\\">Design: Glass front and back, aluminum frame, weight: 180g</div><p style=\\\"overflow-wrap: break-word; font-size: 14px; line-height: 1.5; margin-right: 0px; margin-bottom: 20px; margin-left: 0px; padding: 0px;\\\"><span style=\\\"font-weight: bolder; color: rgb(209, 213, 219); font-family: Söhne, ui-sans-serif, system-ui, -apple-system, &quot;Segoe UI&quot;, Roboto, Ubuntu, Cantarell, &quot;Noto Sans&quot;, sans-serif, &quot;Helvetica Neue&quot;, Arial, &quot;Apple Color Emoji&quot;, &quot;Segoe UI Emoji&quot;, &quot;Segoe UI Symbol&quot;, &quot;Noto Color Emoji&quot;; font-size: 16px; white-space-collapse: preserve;\\\"></span></p><div style=\\\"box-sizing: border-box;\\\">Additional Features: In-display fingerprint sensor, facial recognition, IP68 water and dust resistance, USB-C port, stereo speakers, headphone jack</div></div></div>', 1, '2023-08-26 23:28:31', 0xffd8ffe000104a46494600010100000100010000ffdb0084000a07081512151815121519181818121a151819181914181a1a1a1a1c191a181519181c212e251d1e2b211818263a262b2f313535351a243b403b333f2f343531010c0c0c100f101f12121e3a242527363434313d31313d34363434313436343631313f31343434313434343134353434343131343f34343434343d343436343434ffc000110800e100e103012200021101031101ffc4001c0001000203010101000000000000000000000506030407020108ffc4004c1000020102020505090d0508020300000001020003110421050612314151617181b2223473749193a1b1d207131617233233525472c1d1f0354253629214152464a2b3e1f144d38283a3ffc400190101000301010000000000000000000000000203040105ffc40024110101000202020104030100000000000000010211213103125113224171043261a1ffda000c03010002110311003f00ecd111011110111101111011110111101111011110111101111011110111101111011110111101111011110111103e4481c6eb1aabb53a486aba1b358eca29e42d6373d00f11bc11358eb2d6fb32f9d3ec4ecc6d73716789553ad1547fe32f9d3ec4f0dadb507fe30f3a7ff5cefa65f06e2db129cdae6e37e1879d3ffae616d7c61bf0c3ce1f6273d69b8bbc4a137ba25b7e1bff00d0fb1232b7bafd153b3ef173cd54003ad905faa2cb0dba8c4e5cbeec5438d0cf9aaa7e53efc7150fe01f3a9f94e3aea113967c7361fecede717d98f8e6c3fd9dbce2fb303a9c4e583dd970ff00676f38beccf7f1c787fe01f3a9f940ea11397fc71e1ff807cea7e525f57bdd2b078c75a44b52a8c4050fb25589dca1d4dae790db80de605e62220222202222022220222202222026ae92ae69d1a8ebbd293b0e955247aa6d4d0d3bded5fc5ea761a0517457c961988ccfbf3adcdc92436c06637b9c85cf1330e2f4a9a6bb6ec15776e1d760733e9b5c4cb4dad8573fe62a76cce73ac3a5f6ea6c393b086d616bdaf9ef205ede997dcb511d2e5475856a1229b824676b006dcb6e49e2ae967e51e4139ae8caec6b8299aab0b91bb3cadd79cb755c58fa83caf9fa6726569a5930589f7e4248b156b1b6e3c411fae130e269cf1aa47692a1fe71ea337f154e4a748aaba656d4dfa00ea24032f5a97abd470b87a64229aaf4d1ea3900b16750c576ad70a2f60065972ca56b02da93f57ac4e9da33e869781a7d8594797b732bc367647246c8e49f6252adf36472489c2d0c50c5557a8e870c51452a600db56ee6e49d9fbffbc6f75dd692e04f8e42fce205b94fe13bbd1b3647246c8e49aef8c41f59beea3b7a84cdb62c09cae2f6391f2191f69f28fb4f97ad91c928fee8dabd45e87f684509552a5305d0052eaee88435b791b4082731b32f04d85ceee5e1e5956d78d2344e12a22d442e5e880aac18e55e91e1bb749ced661bdaefabd8b6ad85c3d57f9cf87a6edf799413e9bc9390ba9dde385f15a7d8126a4d7911101111011110111101111013434ef7b57f17a9d869bf3434ef7b57f17a9d8681cfaabdb06e7fcc3ffb9283a6746a573b44956e24660f48e5976c7bdb0150ff00996ff7255b1b5d29222aa87aae369ae3682df722a9cafcb7b9bf271baa089c1e11680b0373e4ebb72cf18fc72a64bdd6614e79ed1e0abc9c2f34ff00bcb6df64800f365e8197926370bb7b7fbdcb2bdfc24e8ba82db54aaf845ecc9ac52482f7386bd1ade117b32c58912fc7faa17b54b5917e45fa47ae749d19f434bc0d3ec2ce75ad0bf20fd23d73a2e8cfa1a5e069f61651e6ed1cba6d42adcd844f40eca96e7b0fc4ca10657361b2a73b70f5c87c55500f70a59bf973ebb8e333e36aec2daf9b0f203f9cac691c41a68429377df62465c994a3c99fe147933e74b0ae29828da0c5883b28bb45b2e3bf21bb33ca24562e9e2cb7c9e1987f317a07b4f71e4919a034f9c3a30540edb23276d96c8b124358dc1da02dc2d3ee95d74c4ec7c9d34563bc30a8c07585ce598638e5dd5be398d9bbcb255d0b8cabf488a3efbab5ba9491e8915ac7a05e961ddaa554c9e97709737bd6a62db872df8ee9058ad318faed67c41407ea2d551e50979a98ed15b2bef8f5aa5465a94edb6af6cea283662dce77acd530c64e6acf7dd9270eeda9dde385f15a7d8126a426a6f78617c569f6049b915e4444044440444404444044440f92275a49183c4906c7fb354cc7dd325a44eb6779627c5aaf60c4ec738d32d6d1d54ff9a3fee89cc7495672db4a73e923ae768d0f496a507470195ab5556077105cdc48dada89836248f7c5bf057c8746d027d32eb8dbd23b723c2a7ce67f9c6c05b701c7f012e7a375d128d14a470549ca2042c481b56fde61b0733c739636d41c27d6abfd6beccc675130838d5feb5f6647e9d36d5f73a6bd2acd6b06ad7006e196e1cc2f6964af183c2261d053a4bb2abbb324f3924ef33e5532ec66a690bdab7ad63e41fa57d73a0e8cfa1a5e069f61673fd6bef77e95f5ce81a37e869781a7d8599fcddb9974da99aa0b28e617eb98e9a163bba66d3851f3b3e328b11d7082a9419aec73bdf97f5ff72b1a60e7d39e563e5ced7c8f54bd57c42eeb0f248face8db901e80267cb19f2cd9e13f15ca31956e481cb6e237640cd15aa57772ce97a4756a9d51708ca781507d52b58cd49c48ce9a7be2f3b221e8eed803d51898dbd695e66b9b8e39f372cd8c755bd137e2d4bca2aa7e524be08e340fa0dc770a940923980724f409f748eacd7a7847ad580a611a91087376bd6419806cbf3af9e7cd278cbed16e18db94e1d4b5149380c35ff856ea04803a800258657b513bc30fe0cf69a5866aad84444044440444404444044440489d6842d83c4a8de70d56dfd064b48dd6070b85c413b861aa1ff434414dd02df26fe3153b666fb3c8bd08d6a6fe3153b466cbd49a674aef6ccd526267981aa4c4d524b6e3333cc2ed31b5498dde043eb59ff0efd2beb9d1344532d4a97814bff42ce6bacef7c3bf4afae752d15dce1e9781a67fd0b337979c9ccba6d3b851602617a4cfbcec8dfc2fe9c84cab60368efe1cc269e231171c73e1c3acca32ca4885ff005f76936b651368f163981d24fe13ed4aea83ba71d0bea9a0f5dec2c32be441fd5e69d6a77ee9d8e66c029e8ccb7972b75ccf73f85772d74dcc5692406c18dcf00149cba6feae136a82bd5d9b6d0514d09625788bd8285cce7cbff3a7a37048ed70807124e797267e8e99607608b6b772140b0e1c9692c65bcde93c31b9736f0f2b4028c8dcdae6fbfcb2b1ee8eff00e0ab0fe7a1fefd132c58870aa4856b30b1636ddc83a654fdd0ea7f85a83f9b0fcbfc5a32cdeac9fa5b6c9a8b26a329180c35f8d20c3a18965f4112c120b52cdf0185b70c2d31d61403e9064ecbd69111011110111101111011110122b59fbcf13e2b57b0d25645eb1a6d61310b7b5f0d547fa1a20a1e8a7b537f18a9da33dbd49a7807b23f8c54ed19e6a559a27485676ab31b559a8f5a616ad3bb71bad5a627ab34dab4c4d5a73635f585ef45ba47ae754c03fc8d2f034fb0b390e997bd26eaf589d5709508a3488e1469f604a3cd9695f96ea37318ecedb03af904d1c4d664197764e5cc3a071e999abd6b870a7f7875ff00c66243e2715d16fd6ef44c3964a32cc3589b966cf2df7361c82654bd42141cce43c921ead537ee85ae6df96ef2c99d577151d9f785ddbb79bffd754ae7374863f76522c94292d34d91d672cfc93c62ab85f9d7ee91771b6ecf2c8cf988a9691788c6d858806c458106e2e775c30e5e3cb2eb949c46bb94c669f31da485df2b8642b62410b90b5f96db24fe8caa7ba0e249475bfefe1efc9f3a91cfae49e2349006c2953c8df3151b75b782d63d06f2a3acd8b6a88ecc4926a21272cef55393f5e48c6eecdfcabc72de53f6eb3a8dde186f023f193f2075216d80c2f3e191bfa86d5bd327a6bad6444404444044440444404444048fd3dded5fc5ea761a4848fd3dded88f16a9d8681cae83d91fc3d4ed1982a559e36ecade1ea76a6a3d497a1595eacc4d5660679899e06c355989aacd66a931b548d8fba45ee8dd03d6275ac37d0d3f029d859c7314f746e8fc44ec7851f234fc0d3ec2ccbe753e7feb1e29a6ddd4b10545f2b66390f46466857c158872f703badcb9db3e4e89b949c1abb008040bb162156cd71b3ca49e8b73cd7c7516a5743660db96f9db75d4f11eacb74c97c59cc7dac64f5bade959aaeced7726fb408b9cafcdfae32d1ab1580245f7d32c32b660a832bb5f1006411afcedcbc374dcd0ef51581646001beec8822c731972caf7ae4c6eacab2636b7ebfe26b8a74822d4ae5ced921556d70172626fcfc3f432e287725867dcdc7eb96d69a386c2e22bd3b2d30ca198a36d282a4e4cb9b6eb81c37c963cdeb6bf9b7adb0be8a57a94d918d4a152aaa3100aba126db0e3f77e76fe24f38bd2358eca2a20dcb5d546fdcb5944bd6034663f0d536e8d1b8b6cb2b54a5b2c386d0dbde32b1de3acde85ac2188a8ce2cdefea58037b31aab71bf9a5f26b5c6b94b19ab38d72ecfa97fb3f09e294bb0b272416a4fecfc278a52ec2c9d9a5ac888808888088880888808888091fa7fbdb11e2d53b0d2424769eef6c478b55ec340e335aa583787a9da9a2ef33629f26f0d53b53459e5c83db3cc2ef3c3bcc4ef39b1ed9e63679899e78679cda4f755eeadf77f113b860d2f429781a7d859c259ae1beefe2277ad1bf434bc0d3ec2ca7c936abcb378e94cd66c49a6b542d0db2e6c5d5d95972bab5803722fcd94afe174bd76c3b5dbdf92980cca4fca535ddefc8c37a8be7c97beebcbbeb2e16cc1addcb8d93ccc377a3d52a6980747dbc390955492a0fcca97f9c8780245f99ae6f6399d7e2f27db25fc2abe2b8f33f3dbee80d2a95df62a1b392365bebdb75f806ddd3e4bdf702d4ed4d406b8041d9de7ead872734e33a528fbcd4dba6ac8acd7099834df7941cd7cd4f2653ab6a169c18c5d927e5550ab11cfbaaf370bf39e7947f27f8d8cb3c98757b471c39dc594d142bf455776e2009078ba24d16a6001b4548cc80ac32ba9e7191e5e69bb8f5ae01f7bad489e46aeebcb9772a7c920757f4cbe26a8c3d7a5ef6e54b5ef752a05dba185b771b4c39cbbe13bcdd7550f89c2544df73ce36bcb7b7eb2e690fa6907bc31b67ef94cf1fe225fd33a4d5c2d3068840fb2ee509245f7a853badc7d12a9ae98445c3d5216c56ad35b8dc48ac8a72f4f5c496653f71098d994fdc740d48fd9f84f14a3d8593d207523f67e0fc4e8f6164f4d95b4888808888088880888808888091da7bbdb11e2d57b0d2464769fef5c478b55ec340e158d6f9de1aa76a683bcd9c7b66de1aa7ae6b616a207f94b6cdb88bfa3cb2ddb8c4ef30bbcf58975da3b36b70b643a84d667911e99e63679e59e632d39b1995b26fbbf889dff0046fd0d2f034fb0b3f3dd36f9df70fac4fd09a37e869781a7d8595e68793a34861455464e3bd7a46efd73ca46210839e441b1e5044e832bbac3a3f3f7c519364fcc781ebf5f4c8ccae3771678759cf4bdfe3f6abe93c2ae22990e33b598f107838919a90f5f018a2f570d887a6d49e93353a4ef756d9657536b1cd471e27a24ca36c36798dc79c192580c757154d05c41457c255a74096b2ad5603de9cf25acd6e73d136fd4fb2c9d553e9ac96d7a74ea530e16b00cbb406c056171b9948b8b724a361e9576af4fde582d5db3b2c72504062c0d86e21585baa593529748d3db5d221b64774aecf4dee6c4328d96248360c2e39667c3566a0c3654302d72b6058922c029e1bc4f3bcb8c9628f2493397a889d19ae62a353a468223b30457524a867b0bec11dce76e2642eb501fd9ab2a3ab14ac8ae3686d0231080dd4e7bc0cede8963d23fde74d0bd2a746e05c844a66a28e2cab7373cd9ce55a4b68a966b925d49639937a8a49bf49f4c8ebee9b592f336eefa8ffb3f07e274bb0b27a40ea37ecec1f89d1ec093d35569222202222022220222202222024769fef5c478b55ec349191da7fbd711e2d57b0d03f3f6937cdbc354f5c680a9f2e2f6d908e5b68d858292a4f1b060872e0392f306977ee9bc2d4f5c6ae2ed62149603614bf74c52fb900da1bb3704e47253be4eb8c1a55ad56a6407ca3642f6ccdc5afc268b3ccda51ef5aa5aff0048dbc96273de58e649df7e79a65a7363d33cf25a792679bc0cf40fcefb87d627e87d1bf434bc0d3ec2cfced87fdefb87d627e89d1bf434bc0d3ec2caf343c9d36a79740c0ab0b822c44f5120aa5d7314cd2da38d26e5539ab7e079e63d1f814c413efa5b628a35560b6da65517d85279fd12e588a0b514ab8b83e8e71cf23b46e837a150545a88aa4955da362f7fddb5adbf296f8f2d63634dce79356f7f9ff50985d1b4931b80a987a6e94eb2550c9efb59f6182b9561b4c401dc916000e6972a0007563c3f222fd579eb1d857fecec29ec517d820305002824df673caf73e5e1be7da2ca146d2b5edc0891cbee92ded4678cf6ff00a8dfee964acb559c055372d73722f722dc49ddd66739d6fc0ec8ab5154856acaf6cac36ab29b5b9733bb9276214a991760403bae467d0252fdd0308ab82acc16c76e91bfff0075219f55a5170d59af947e9eacd7cad1a8ff00b3b07e2747b024f481d46fd9d83f13a3d8127a6969222202222022220222202222024769fef5c478b55ec349198abd20eac8db994a9e822c607e64d36dddb7857f5c8a6327f5bf4556c2d66a7594df6cb2b58ecb29fde5e5077f35ec7306577a8f90c9571f6f3e5e7ccf90c58f21f243a5e7cbc58f218b1e43383361779fb87d627e83d01895ad86a1510dd5a821e191d90194f382083ce27e7aa4d63b8ee23d191ea363d5377436b063b040ae1aab2a93b5b0551d7a42b836bf122d2394da3963ecfd131385fc60696fae3cc51f623e3034b7d71e628fb123eb55fd3aee936582b85bb5acb6236499c0be3034b7d71e628fb11f181a5beb8f3147d89df5aecc2c77ec4057249a995ee015240b6e9f30db005d8f75c010481cf96f9c0be1fe96fae3cc51f623e3034afd71e6297b33baaefaddef877c755637352e7a0ca97ba3e2c2605d198777568a25f891551ec3ff008a31ea9cc3e3034afd71e6697b323855c7e96c4253677ab52fdca9b2aa0be6e55405451912d6e037e539ae498ddedfa1f51bf6760fc4e8f6049e9a9a3306b87a34e8afcda749298e8450a0fa26dc92c22220222202222022220222202222060c4e192a2ecd44575faaca18790cd1f83b83fb250f334bd992b1022fe0ee0fec987f334bd98f83b83fb261fccd2f664a4408bf83b83fb261fccd2f667cf83b83fb250f334bd992b1022fe0ee0fec987f334bd998aaeabe05be760f0c7a68d2f664cc4081f81ba3bec386f334ff0028f81ba3bec386f334ff00293d10207e06e8efb0e1bccd3fca3e06e8efb0e1bccd3fca4f44081f81ba3bec386f334ff28f81ba3bec386f334ff293d10207e06e8efb0e1bccd3fca496074751c3aecd0a54e9af1088880f485026e44044440444404444044440444404444044440444404444044440444404444044440444404444044440444404444044440444404444044440444404444044440444404444044440444404444044440444404444044440ffd9, NULL);
INSERT INTO `products` (`id`, `brand_id`, `category_id`, `sub_category_id`, `name`, `specs`, `status`, `date_created`, `phonePic`, `price`) VALUES
(15, 15, 1, 0, 'acer p10', '<div><font color=\\\"#d1d5db\\\" face=\\\"Söhne, ui-sans-serif, system-ui, -apple-system, Segoe UI, Roboto, Ubuntu, Cantarell, Noto Sans, sans-serif, Helvetica Neue, Arial, Apple Color Emoji, Segoe UI Emoji, Segoe UI Symbol, Noto Color Emoji\\\"><span style=\\\"font-size: 16px; white-space-collapse: preserve;\\\"><div style=\\\"\\\">Processor: Octa-core Snapdragon 765G</div><div style=\\\"\\\">RAM: 6GB</div><div style=\\\"\\\">Storage: 128GB (Expandable up to 256GB via microSD)</div><div style=\\\"\\\">Display: 6.5-inch Super AMOLED, Full HD+ (1080 x 2400 pixels)</div><div style=\\\"\\\">Primary Camera:</div><div style=\\\"\\\">48MP wide sensor, f/1.8 aperture, OIS</div><div style=\\\"\\\">8MP ultra-wide sensor, f/2.2 aperture</div><div style=\\\"\\\">2MP depth sensor, f/2.4 aperture</div><div style=\\\"\\\">Front Camera:</div><div style=\\\"\\\">20MP sensor, f/2.0 aperture</div><div style=\\\"\\\">Battery Capacity: 4,500 mAh</div><div style=\\\"\\\">Operating System: Android 11 with TechOS skin</div><div style=\\\"\\\">Connectivity: 5G, Wi-Fi 802.11ac, Bluetooth 5.0, NFC</div><div style=\\\"\\\">Design: Glass front and back, aluminum frame, weight: 180g</div><div style=\\\"\\\">Additional Features: In-display fingerprint sensor, facial recognition, IP68 water and dust resistance, USB-C port, stereo speakers, headphone jack</div></span></font></div>', 1, '2023-08-27 00:47:49', 0xffd8ffe000104a46494600010100000100010000ffdb0084000a070812121215121215121512150f111a15151a1214111011192514272725212424292e2e33292c382d2424343c34383d333535351a243b403b333f2e343531010c0c0c100f10191212193721211d3f3f3f3c3534353f313435353f333f373131373136343f313f3f343f3c3f31313f343b343431343f3f313134343434313131ffc000110800d400a003012200021101031101ffc4001b00000105010100000000000000000000000500010203040607ffc4005010000201020302080809090604070000000102110003041221053106132241516171913252738192a1b2d1142333425363b1c1f00715164362727493d22434548283b317a2c2f125446494a3c3e1ffc400190100030101010000000000000000000000000102030405ffc400251100020201040202020300000000000000000102110312213151044161711322323391ffda000c03010002110311003f00f40db5b59f39b3658ac18770033cc782b3a0eb27750ce29db562ec7a5afde66f511556cf04bdf76df9cf6f29f5fbeb666af3b2e49390192e2a2b2a3bdb4773c846c4ba3b9ea05e4d5870a7a0effa4bc0cfa55e6bc32e0b636e62ee5e4b4f884bae0a32057082232bcea911bf71999af46d936ee261eca5e72d792c22bbce725b2f4f3c74f3e5aa9feb18b52bb019510b9b61ed9b814928312e6e81fbb9e6ac1863d1ff00c97bfaabca9381fb4ade29615838bc186294a9b5e1ce7cdbe77e9bf9a2bd79c83239883d5222965fd6a9dd818538b63955d0b19d05ebc498ff003eb5af0980e31c21903292c45cbc580eae573d733b1f840d7efa596c1e3ed2e6d1ee0516ede55319b90ba69d3bfa6bb6d853c65e240ca12d056904b1e56611d5a6bcf35518bd6931ba2e5d89667f5bb869f08bcc9f6d5abb26d0f9a7f9974ffd55b55aac0d5d9a63d08c6366dbf14fa6e7efa92e0906e1ff0033fbeb98dbdb0f68deda786c458c571784b7c5e7b79994886258651a3e61a49dde6ae836ce16fdd44187be70cc2fdb777e2d2ef196c4ca41dd3a6bfb31ba9d2e80d230abd7e937bea430abd7e937bea588ccc8c2db0472a72b650e14f4c73d0af81e37fc62ff0020514ba00a7c117afd26f7d31c1af5fa6fefaaf67dbba8185eba2e92c3290813288f5d6acf4520339c0a7ed7a6fefa5f9bd3eb3f9973df5a33d386a34a0330c020dc6e0eb172e4fdb5561b8fb77196e32bd924714d196ea1f15b998743083cc4739dd9ab0ed8cdc4ca786b76c95d72feb567d5349a49000b60a2bae24b0062f281d9901fff006b77c1edf8a3d758b83479189f2ebec0a235e7c9269015fc1edf8a3d74be0e9e28f5d594aa680afe0d6fc51eba5f07b7e28f5d594a8a0206d29d08d3b49155e1afdbb0d88777c96c259e92aa60cc7aaafa11b6be4eff00fa3ec1abc6f4bd5d09ba46f3c23c18df7d7d07f7533709f0437df4dde23eeeeae15906e31bc798d0e7b6c1da4c9cda9e99ddd956bca93e88d4cf504e10e1184ade52277e57dfdd52fcf986fa51e8b7babcf3057321d3c12794b3049a3562d25c19d0823a39c543f2e69f083533a81b7b0df4a3d17f753370870837de51a78afbbbab94b9672b69107cfad0eda16f94bfb9ff00550bcc9375487a99dcfe92e0fe9d3d17f7531e1360c6fbebe83fbabcf4a56cc3db0eb1a12a3511263a7b3ecaa9796d7a0d4cedbf49f07f4ebe83fba9bf49f07f4e9e83ebeaae35f6603aa113e2b49b6de7e6a9e1f69e2adbb65ca8cd9030e297280ab0237e91d14e3e5d86a67649c24c1b783794f623ebeaa8ed0da29730efc4bf296ee175019580e3d01dfd522b8c54bd3943a896cc61030267cddda516d8c87e3f3b8773f06911b80bab1551f21ca5a7b0527613e0cf8389fe207b144a86705cfc5e27cbafb0289d652e116c54a952a90152a6a5400f4236dfc9dfedb5e7e41a2d41784574a59bcc2673da8e73390d34b67f44cb802f1855d2d8f022d82ba65b8180cc4f5ebeea488d9d21d426500db63cbb80183c9f9d9f989f54557832ec15eea10eb1904c2903716eb1a693ae935b16c2c86604b8cbf3e15caee27af76edf5cca497b21231da4ca9992509b81099e50012627b63bab4e66519d5c23b25a6672722b9d4659e9301a39eb4043a879327378a54f48ef22a8bce846568c8232856e5242c73eff007d34d0e89dfc5676cac467c89ca079178c784bf893158b1e24a6f9c87bf352ce06e4574ca142b066021b313239cef3bb4a4f8b9106ddb3a0e66262a74ad576231d5f62c130d24741060d4d5839cb911010272cee1cfad6eb76c1d3216ea040a53956c80db81c25cba2728e2c34178100f60fb79a9afd8b56f8c2e433acf203c071d2237750f50abf0fb79ac2adab4a8cabbc92465d77123427b3cf43aede0cef71d54b3966dd014c469d3cd4db8462b4eefd957b6c0dbf8acab0a2198b7622ce9da7ae887061a45fff0047fdd5a17b42ea8394289e449d0bb69a8fd9d79e88f061cc620e53c94b6624498b80c56b83f9264ae439c16f93c4f975f60513a17c15f93c47975f60514ad9f08d58a952a69a901eb363f1d6ec22dcbac551aedb4989e53181d9dbcd5a681f0a3062f5a550e15f3f2519d12d6203100a306d0fcd8e70771134e2937b803f0dc31964e36d2a24630de21999acaa342c78d3b88e96114576a62d461dee83c9716590c4186b72280e3f6359165152ed96bea4f181eeae472209f08412ba1d77f5d6fdb1655300c8acd782ba06776cceed97944eee7d239868055c945a7429700ec370815465d340402c84e5d68961f6a171a716e2399403f8eaae456ca1e661a0dcda81578c1b0d51c133b8f21fdd5c4e1d3a32b3adb38c75000032e55034cc4281ba6ad38acc21c2c91198200ebd87a6b9ec0629a723039a39f4268f25b410743a744d649ca2f91ab2ab99417c8c1339690467482b11d9f7d0a6c391a69df981a31720fcc1de66a91600dc3d7a1aad4d8e99870e99795ff602b467661947254efde0bfb875559007cd04cf3c900f6531c5dc1b982feea2ad43b6c744d30bcc1498df03931d15463b1a2d984e55e2a32f3aa7416ebeaefa67c55c6d19dc8e8cc6280622e167661cec7fca055423b89b279e09cf25f31cd946720f59fba8ef079c1b788857038b5825958119c6e8a048eaaba1080466041548edfc134678317330c542855e28691958f2b79e8ecefaeac4bf614790df053e4f13e593bf20a2743382e213123ff503cc72d129ad5f08d5929a69a69a535203cd41edab784aaddaa1a2a534d34015fc1adf896f70f989ba85709804c25cca32817537088e46fa33342f840b3867f2a93d632534f67f44cb838c4468241d34805472cc73c52bae7453d3263a7a75fb2aa7536c882e03292c14e96cfd9e7e6ab10b8f082b2e59240e2c003d47ef35cb66411c05e1bd86708c4c3729b7d744a43286582ac0107aab94c3e2069a1524880572859ddafe0d19d93761ded123550e801d01f9d1ea3594932a2c2056a256af22a04542917463ba2b1b9a257126b2b61e9d89a30dc68563d0adf6504468127b2409627abae8fed1c1bbdbcb6c12cce93a81c99d66a8c36c2b80e662b9a3a8803abf1af3d6909452dd89c581cda2de103bc426ade73d7ea1cd5d17056d1fed220e636502f2a665b77e3754d3631dc5e07380233518d8bb3d6d072a4eb934f9a06715be1c91734ac231762e0b9f8bc4f975f62884d0fe0c78189ddfde069cc064add35bcb846ac94d29a8cd34d48894d29a8cd29a0094d60db4270efe5139e07815b66b16d51387b83eb1607393929fa7f44be0e4f14900341d2411b8653db59588b7ac065ce9f3a0a9e8e7d3aeb65e328dcf0ad9a20498ddaf49f55646694c843784bb8050606bbfab49ae34cc8753260ca49d4986527aa3ba895bb91884682396aa66069111f6561b0c52e0562c5a5224f201898279cd578f24313a2b686154a09e9d77f6d0d58707684531151c3dd17112e0dce8adde2a75ccdd6c6c472d2cb56014a2a6c082a54c25385a9aad0d80ca95732fc4dff2373d834ca2aeb680a3820156ca181d430260835bf8bbe5435b03b833f2789fe207b15b89ac3c1af93c4ff103d8ad64d7a32e10d929a53519a535021e694d46694d003cd06e165c74c1bb24671792257309e2fd5db45e681f0d04e02e444f1e9d9e055c376c52e0e430fb615a1310a430986080e53d71f68d7a4574185c21b8ad7335b21d39201d4ac7db5c18bf6c9043ea370ccab97cfcf5e83815516ad89062d26b235e4d72e65a7748cd2b1361161831265104c9853a4ff9baeb2e3f04ce92066dfcf2c7a3a95ba798f36ba515475e91de2a69c58dd944ccea04d66a7f03d22d84c7e0d6c104140c84441043510159ad3a0102009dd22055cb70748ef158495b2d705cb52aa45c1d23bc52170748ef152d0cbc54d45501c748ef1562b8e91de2a680b80abed782dfbc9ed565ce3a4778ad160f25bb53daae8f17fb50037839e062bf881ec56826b3f07bc0c57f10bec55c4d77cbd0d929a69a8cd29a91129a53519a69a009cd0ee11e0cdec15eb6080738227713c5faab6cd431dfddae7ef8f62aa2ead89f01bbc6d594b60dab64951f342a88593ac6fe81bcd5b6f6861995994290b97e674f83cdcfcd439785186caaacb70c05f9aa448f3d45b84d8460ca6ddc86cd98645e548d79ebb3f362696ebe469a49857058db175d9100ce801619370274fb2b7f129e2afa22b9cb5c28c224054b8a0285108a200e6df570e1761fc5bde82fbe97e5c5da0b41ee217c55f4452e257c55ee140c70aec78b77d11efa90e14d8f16efa2befa3f361ed0ac35c4a78abdc297129e2af70a0e384d67c5b9e8afbe9c7092cf8b73d15f7d2fcd83b41617e297c55ee14cd6d06a5577740d2858e10daf16e7a2befa7fcff6bc57f457df47e7c1da1d966cac5a622df181429ccea5742561881de20f6350eb27c3f29ffd95a6ced7b0832a23a892602a8124f6d61c23ce73d2e0f98bd61932427963a3e40c5c1ff0315e5d7d8ab09aa760f818af2ebec0a9b1a897a1b2734a6a134a6a444a694d4669a6802535563de30ae7eb47b1539acfb59a30770fd68f629c7dfd09f00516ee36a11a0eed378aaae2b278408ee35beded2b9982322f176e329055dcf263559e827a2b26d07516b4899407930d19b4d79ff1150f1a4ac1aa46537f58e72440dec4cfaeafba972dc7188c93319865cdf8e8ae8b819694e0eedc0aa6e25fbb958a2b32908b11346764622ce215945bb70973945514dacf1060c6a79a44f44d68bc5b8a95f24addd1c5e18962154166630aa04b35155d9389fa27ef4f7d62e0ebc6312235bb7977691caaef411b886cd1a2c785e7dd4b0f8b1c89b6c71568e26e232364752ac2241d0c7baafb787b8c242188dfa09156709ae1e3e0c6966dc754cd35f6923395c896ed908cc115c94d35208593233198c91a16a9c5e24653945bd9056e33d974f0948d7aa26a762cbb92114b444c440aacb15b6e81b32ab5bcad0577b747cd91072f31e806adb576e0c1df6b6583f1d6f55d481c993d91bfaab3c9e2c63934ded5632e381be049b6dff29353d9af21ff00d3f6c55fb3ad3b5db6eb887c82735acf9d1891e373c1ddbb4acdb3db5bde507fbd4f1638a9c651bf7c89146c43c8c57975f605498d57b14f2715e5d7d815226b69f258f34a6a334a6b310f34a69a694d0029acdb6dbfb15cf2c3d8ad1358384b732ecfb87ebd7d8ad20adbfa14b80061f117219d2da3176e5be72aec408d6a9c7e22e781710266ca4c1cccc06eec8e8a076ef4d5b9ff001bc9349bd886ed9d36c4db18ab569ad595b2f6d9db323ae676254023c2122228be1784b8d0aa1130c100855540aa83a23369d95c45a135bed2f650f238aab609b09ecfc63dab8b792338766d44ab66dfd9bcf6574e9c27c411f2367f9ad1bab8f5356ac75775651cd285d31a7411da1b41f10f9dc2839428559caa076ef357262ee32aca5b680406cec8fd9a1ffbd0a0d4f3d9dd531cd28c9c93e42cbf1bb5ee2a046b6a885bc62d9cf6fdfcf566c9e125db4cc96d5183eb959992081cc47d940b156e18f41f388acc53a0f9b9aa9e49396a6f72753b3b9b9c2cc4aacf116974dfc6b3aa9ecfbaabe0d629df8ece67e48f6937457188e260e87baba8e08b4f1fd967fdd5ad21372c8adf03526d853631d313e593d814ec69b641d313e593d8a4c69cb9351e694d34d29a810a694d29a69a0079a17c2d6ffc36e9e8bc9dd9289cd0ce15a66d9d7c0fa45f62b5c5cee27c1cee0b8178c74573c4a664560af70870089120031d94b68f073118640ef9190b852c8f9f293ba440dfd35e9097be2d5490014b6431dca420104f303d3cc77e8685f0ac65c2b8241f8cb3b9832919e949ed68cdf0721b1f63ddc466e2f2009125df209e81be68c0e0ce240d0da631b85c32dd922b4f049c157d40e56f2600d07757618bb826deb6f40a21583313d5d55925aa2df468a29a4cf34c35a6b8eb6d04bb1200272807afa28b8d817bc6b5e99f7562d82dfda876dffbebd1ede26c0b4b2c8ab904a18cfd7a6f9df5be0c119c6e5d92959e718ac33da7c9700cd008839958552f702ef3f7d69e17e28a5e40349b0489d48e59aaf00a84170533b5bb794b65cbfb4573699b76fe698d6a23e3296570ba5f238cb1c65fbdd7c195f2b8d0cc778a96cfd9376fe6e2f280a44966812798517e1025bb5834b812dadd77b401450a1cc4b475479a85e01eeddc062d6d4adc375072490d97272a3f1baa316252c8e3e958f2462a5faf0ffd357e8bde6079565e0ee5b8099e89e9eaad1c11b6578fdffa9d088653c72d07e06e05ede32cb59056df10a313a3a23bf3821b9c72751a13ba2ba2e0e20fed2c183037537731e3c574cb146124e3eec9d293468d9474c4f964f62a4c6abd947fbcf964f62a6d584b92c534a9a95480f34a9a9a801e6b36d81382bffbe9ec568ab46cd7c5e1efda46556cf6ccb062b197aab4c69b6d2e84f83914e1162edaaa0742154005adabbc474d64c7ed8bf79425c65c81b365445452dd2637d744ff0093fc49fd7e1fd0b9503f93cc57f88c37a1729ac13e8cb4b00eccda576ce636d80cdbc140ea7beb5af08717a80f6d6444ad944703b79a8ba7e4ff00123f5f87f42e5497803899f97c3fa172a5e09f452d4b60061ae35b657424329907799fbeb4e376fe2d06746b7bf5f894268eaf01f11f4d63d07a7b9c06bcca54ddb3a8f15e9c239a1c268299c163f1b72fbf1975b33e5024008aaa3980a8d9c6ddb7e091964182a1edccf38fc4d75bff000df15fe230de85cdd567fc3cc4fd3e1bd0b956f1646ee89716fd1c8e3b695ec4307bae59e081a054413b940d055fb3769ddc3e6e2980cf198140e091cfaf3f35746df936c4ef188c30ff0025c8a75fc9ce2e7fbc61b778972858a71fe2a86d49bb01bf0ab1d0407b687a45840c0f48ebeba23f939561f0a0c67e40ef993c70d7b6b4bfe4db147ff31879fdcb91145f83dc16bb804bed72e5a70e6c0508aea54f1c37cd6d18ceee4524ef71f67020e24191f1a9ec54cd43695d385c5ba5c916ef1cc8dcc75fbb77569d356000ea1d48eeae59c5a6591a553e2ff697be9717fb4bdf514c0852a9f17fb4bdf4b8bfda5efa29810a35c1a1f2ddb6fcfc9a11c5fed2f7d10d878864bc2de8d6ee23ea08cc8ea247789ec2bd75b607a66ac0e869529a535e880a9534d29a00a5dd8b100850b00980ccc63d54b97e3b7a2b5695fb6945004133f8d3d4540fb2ada60694d003d2a69a53400f5936a9f896893f19679a4fcaad6a9acb8c5bacd692d95038e46bc4892b6d75803a4900756a694b80366d1d9b67109c5df45b89d046a0f483bc1eb15cff00e83e144e5b98a51d02f923775834f4ab2ca900dfa1363e9b19fce1d23aab3b703accfcbe2f79fd6aff004d3d2ac649010fd10b5f4f8bfe6a7f4d5f638196336b7b18c20e86f003d4052a54a29581a7f4330be3e27ff70f585f81f683103118c1074f8d591afeed2a555248611c3e12e2cafc2710d940e531b45cf69cbad596ac396837ef44f4dbfe9a54ab48922bd69d5a05ebb1fe9ff4d69c16159d496bb7499fabfe9a54aa97205df03facb9debeeab7e043c77ef5f752a54c656707bfe32e77afba9be05f5977bd7dd4f4a9887fcddf5b7bd24f7537e6dfaebfe927f4d2a540c8fe6ee9bd7c8e8ce07d8056bb365534511d3d26952a680fffd9, NULL),
(16, 16, 1, 0, 'nokia n', '<p>Processor: Octa-core Snapdragon 765G</p><p>RAM: 6GB</p><p>Storage: 128GB (Expandable up to 256GB via microSD)</p><p>Display: 6.5-inch Super AMOLED, Full HD+ (1080 x 2400 pixels)</p><p>Primary Camera:</p><p>48MP wide sensor, f/1.8 aperture, OIS</p><p>8MP ultra-wide sensor, f/2.2 aperture</p><p>2MP depth sensor, f/2.4 aperture</p><p>Front Camera:</p><p>20MP sensor, f/2.0 aperture</p><p>Battery Capacity: 4,500 mAh</p><p>Operating System: Android 11 with TechOS skin</p><p>Connectivity: 5G, Wi-Fi 802.11ac, Bluetooth 5.0, NFC</p><p>Design: Glass front and back, aluminum frame, weight: 180g</p><p>Additional Features: In-display fingerprint sensor, facial recognition, IP68 water and dust resistance, USB-C port, stereo speakers, headphone jack</p>', 1, '2023-08-27 09:46:44', NULL, NULL),
(17, 17, 1, 0, 'nothin c2', '<p>Processor: Octa-core Snapdragon 765G</p><p>RAM: 6GB</p><p>Storage: 128GB (Expandable up to 256GB via microSD)</p><p>Display: 6.5-inch Super AMOLED, Full HD+ (1080 x 2400 pixels)</p><p>Primary Camera:</p><p>48MP wide sensor, f/1.8 aperture, OIS</p><p>8MP ultra-wide sensor, f/2.2 aperture</p><p>2MP depth sensor, f/2.4 aperture</p><p>Front Camera:</p><p>20MP sensor, f/2.0 aperture</p><p>Battery Capacity: 4,500 mAh</p><p>Operating System: Android 11 with TechOS skin</p><p>Connectivity: 5G, Wi-Fi 802.11ac, Bluetooth 5.0, NFC</p><p>Design: Glass front and back, aluminum frame, weight: 180g</p><p>Additional Features: In-display fingerprint sensor, facial recognition, IP68 water and dust resistance, USB-C port, stereo speakers, headphone jack</p>', 1, '2023-08-27 10:43:00', NULL, NULL);

-- --------------------------------------------------------

--
-- Table structure for table `sales`
--

CREATE TABLE `sales` (
  `id` int(30) NOT NULL,
  `order_id` int(30) NOT NULL,
  `total_amount` double NOT NULL,
  `date_created` datetime NOT NULL DEFAULT current_timestamp()
) ENGINE=InnoDB DEFAULT CHARSET=utf8mb4 COLLATE=utf8mb4_general_ci;

--
-- Dumping data for table `sales`
--

INSERT INTO `sales` (`id`, `order_id`, `total_amount`, `date_created`) VALUES
(2, 2, 69990, '2023-08-23 00:17:51'),
(3, 3, 94846, '2023-08-23 12:33:25');

-- --------------------------------------------------------

--
-- Table structure for table `staff`
--

CREATE TABLE `staff` (
  `Staff_ID` varchar(20) NOT NULL,
  `Email` varchar(100) NOT NULL,
  `Password` varchar(100) NOT NULL,
  `First_Name` varchar(100) NOT NULL,
  `Last_Name` varchar(100) NOT NULL,
  `Role` varchar(100) NOT NULL,
  `Profile_Pic` mediumblob DEFAULT NULL,
  `DOB` date NOT NULL,
  `Address` varchar(100) NOT NULL,
  `Accept_Reject` varchar(100) DEFAULT NULL,
  `telNo` varchar(10) DEFAULT NULL
) ENGINE=InnoDB DEFAULT CHARSET=utf8mb4 COLLATE=utf8mb4_general_ci;

-- --------------------------------------------------------

--
-- Table structure for table `sub_categories`
--

CREATE TABLE `sub_categories` (
  `id` int(30) NOT NULL,
  `parent_id` int(30) NOT NULL,
  `sub_category` varchar(250) NOT NULL,
  `description` text NOT NULL,
  `status` tinyint(1) NOT NULL DEFAULT 1,
  `date_created` datetime NOT NULL DEFAULT current_timestamp()
) ENGINE=InnoDB DEFAULT CHARSET=utf8mb4 COLLATE=utf8mb4_general_ci;

--
-- Dumping data for table `sub_categories`
--

INSERT INTO `sub_categories` (`id`, `parent_id`, `sub_category`, `description`, `status`, `date_created`) VALUES
(1, 3, 'Batteries', 'Mobile Batteries', 1, '2021-08-30 11:28:40'),
(2, 2, 'Phone Case Cover', 'Mobile Phones Cases', 1, '2021-08-30 11:29:15'),
(3, 4, 'Micro SD Card', 'Micro SD Cards', 1, '2021-08-30 11:29:40');

-- --------------------------------------------------------

--
-- Table structure for table `system_info`
--

CREATE TABLE `system_info` (
  `id` int(30) NOT NULL,
  `meta_field` text NOT NULL,
  `meta_value` text NOT NULL
) ENGINE=InnoDB DEFAULT CHARSET=utf8mb4 COLLATE=utf8mb4_general_ci;

--
-- Dumping data for table `system_info`
--

INSERT INTO `system_info` (`id`, `meta_field`, `meta_value`) VALUES
(1, 'name', 'MobiCare Online store'),
(6, 'short_name', 'MobiCare Online Store'),
(11, 'logo', 'uploads/1692799800_MobiCare Logo.jpg'),
(13, 'user_avatar', 'uploads/user_avatar.jpg'),
(14, 'cover', 'uploads/1693112400_aboutus.jpg');

-- --------------------------------------------------------

--
-- Table structure for table `users`
--

CREATE TABLE `users` (
  `id` int(50) NOT NULL,
  `firstname` varchar(250) NOT NULL,
  `lastname` varchar(250) NOT NULL,
  `username` text NOT NULL,
  `password` text NOT NULL,
  `avatar` text DEFAULT NULL,
  `last_login` datetime DEFAULT NULL,
  `type` tinyint(1) NOT NULL DEFAULT 0,
  `date_added` datetime NOT NULL DEFAULT current_timestamp(),
  `date_updated` datetime DEFAULT NULL ON UPDATE current_timestamp()
) ENGINE=InnoDB DEFAULT CHARSET=utf8mb4 COLLATE=utf8mb4_general_ci;

--
-- Dumping data for table `users`
--

INSERT INTO `users` (`id`, `firstname`, `lastname`, `username`, `password`, `avatar`, `last_login`, `type`, `date_added`, `date_updated`) VALUES
(1, 'Adminstrator', 'Admin', 'admin', '0192023a7bbd73250516f069df18b500', 'uploads/1624240500_avatar.png', NULL, 1, '2021-01-20 14:02:37', '2021-06-21 09:55:07');

--
-- Indexes for dumped tables
--

--
-- Indexes for table `brands`
--
ALTER TABLE `brands`
  ADD PRIMARY KEY (`id`);

--
-- Indexes for table `cart`
--
ALTER TABLE `cart`
  ADD PRIMARY KEY (`id`);

--
-- Indexes for table `categories`
--
ALTER TABLE `categories`
  ADD PRIMARY KEY (`id`);

--
-- Indexes for table `clients`
--
ALTER TABLE `clients`
  ADD PRIMARY KEY (`id`);

--
-- Indexes for table `contact`
--
ALTER TABLE `contact`
  ADD PRIMARY KEY (`id`);

--
-- Indexes for table `inventory`
--
ALTER TABLE `inventory`
  ADD PRIMARY KEY (`id`);

--
-- Indexes for table `orders`
--
ALTER TABLE `orders`
  ADD PRIMARY KEY (`id`);

--
-- Indexes for table `order_list`
--
ALTER TABLE `order_list`
  ADD PRIMARY KEY (`id`);

--
-- Indexes for table `products`
--
ALTER TABLE `products`
  ADD PRIMARY KEY (`id`);

--
-- Indexes for table `sales`
--
ALTER TABLE `sales`
  ADD PRIMARY KEY (`id`);

--
-- Indexes for table `staff`
--
ALTER TABLE `staff`
  ADD PRIMARY KEY (`Staff_ID`);

--
-- Indexes for table `sub_categories`
--
ALTER TABLE `sub_categories`
  ADD PRIMARY KEY (`id`);

--
-- Indexes for table `system_info`
--
ALTER TABLE `system_info`
  ADD PRIMARY KEY (`id`);

--
-- Indexes for table `users`
--
ALTER TABLE `users`
  ADD PRIMARY KEY (`id`);

--
-- AUTO_INCREMENT for dumped tables
--

--
-- AUTO_INCREMENT for table `brands`
--
ALTER TABLE `brands`
  MODIFY `id` int(30) NOT NULL AUTO_INCREMENT, AUTO_INCREMENT=18;

--
-- AUTO_INCREMENT for table `cart`
--
ALTER TABLE `cart`
  MODIFY `id` int(30) NOT NULL AUTO_INCREMENT, AUTO_INCREMENT=6;

--
-- AUTO_INCREMENT for table `categories`
--
ALTER TABLE `categories`
  MODIFY `id` int(30) NOT NULL AUTO_INCREMENT, AUTO_INCREMENT=6;

--
-- AUTO_INCREMENT for table `clients`
--
ALTER TABLE `clients`
  MODIFY `id` int(30) NOT NULL AUTO_INCREMENT, AUTO_INCREMENT=12;

--
-- AUTO_INCREMENT for table `contact`
--
ALTER TABLE `contact`
  MODIFY `id` int(100) NOT NULL AUTO_INCREMENT, AUTO_INCREMENT=26;

--
-- AUTO_INCREMENT for table `inventory`
--
ALTER TABLE `inventory`
  MODIFY `id` int(30) NOT NULL AUTO_INCREMENT, AUTO_INCREMENT=13;

--
-- AUTO_INCREMENT for table `orders`
--
ALTER TABLE `orders`
  MODIFY `id` int(30) NOT NULL AUTO_INCREMENT, AUTO_INCREMENT=39;

--
-- AUTO_INCREMENT for table `order_list`
--
ALTER TABLE `order_list`
  MODIFY `id` int(30) NOT NULL AUTO_INCREMENT, AUTO_INCREMENT=5;

--
-- AUTO_INCREMENT for table `products`
--
ALTER TABLE `products`
  MODIFY `id` int(30) NOT NULL AUTO_INCREMENT, AUTO_INCREMENT=18;

--
-- AUTO_INCREMENT for table `sales`
--
ALTER TABLE `sales`
  MODIFY `id` int(30) NOT NULL AUTO_INCREMENT, AUTO_INCREMENT=4;

--
-- AUTO_INCREMENT for table `sub_categories`
--
ALTER TABLE `sub_categories`
  MODIFY `id` int(30) NOT NULL AUTO_INCREMENT, AUTO_INCREMENT=5;

--
-- AUTO_INCREMENT for table `system_info`
--
ALTER TABLE `system_info`
  MODIFY `id` int(30) NOT NULL AUTO_INCREMENT, AUTO_INCREMENT=15;

--
-- AUTO_INCREMENT for table `users`
--
ALTER TABLE `users`
  MODIFY `id` int(50) NOT NULL AUTO_INCREMENT, AUTO_INCREMENT=2;
COMMIT;

/*!40101 SET CHARACTER_SET_CLIENT=@OLD_CHARACTER_SET_CLIENT */;
/*!40101 SET CHARACTER_SET_RESULTS=@OLD_CHARACTER_SET_RESULTS */;
/*!40101 SET COLLATION_CONNECTION=@OLD_COLLATION_CONNECTION */;
